DATE,TAVG,TMAX,TMIN
1950-01-01,-18.0225806451613,-14.3483870967742,-21.6161290322581
1950-02-01,-6.76428571428571,-3.41071428571429,-9.875
1950-03-01,-2.2258064516129,1.30645161290323,-4.88387096774194
1950-04-01,9.04333333333333,13.83,4.60333333333333
1950-05-01,11.7387096774194,17.5451612903226,5.3
1950-06-01,15.1233333333333,20.34,10.35
1950-07-01,16.1774193548387,20.9612903225806,11.5483870967742
1950-08-01,14.0806451612903,18.3193548387097,10.5612903225806
1950-09-01,11.99,16.2166666666667,8.82333333333333
1950-10-01,4.74516129032258,8.03225806451613,2.23548387096774
1950-11-01,-0.433333333333333,1.99666666666667,-2.68
1950-12-01,-5.50322580645161,-3.64193548387097,-7.65806451612903
1951-01-01,-12.1387096774194,-8.70967741935484,-15.7451612903226
1951-02-01,-12.2642857142857,-7.98214285714286,-16.1107142857143
1951-03-01,-3.99677419354839,-0.219354838709677,-7.46451612903226
1951-04-01,8.40333333333333,14.48,2.98
1951-05-01,9.73870967741935,14.7709677419355,4.99354838709677
1951-06-01,17.7066666666667,23.22,11.3966666666667
1951-07-01,18.5903225806452,23.7774193548387,13.2645161290323
1951-08-01,18.3258064516129,23.6161290322581,13.9
1951-09-01,11.99,16.9733333333333,8.26333333333333
1951-10-01,2.78064516129032,5.19677419354839,0.741935483870968
1951-11-01,-4.81,-1.32,-8.13333333333333
1951-12-01,-1.25161290322581,0.745161290322581,-3.09677419354839
1952-01-01,-4.13548387096774,-1.64838709677419,-6.72258064516129
1952-02-01,-7.09655172413793,-3.88275862068965,-9.86551724137931
1952-03-01,-9.10645161290323,-3.59677419354839,-14.4129032258065
1952-04-01,5.16666666666667,11.03,-0.186666666666666
1952-05-01,10.358064516129,16.2096774193548,5.06451612903226
1952-06-01,17.34,22.6633333333333,11.84
1952-07-01,17.8709677419355,22.4806451612903,13.558064516129
1952-08-01,16.8483870967742,21.3548387096774,12.741935483871
1952-09-01,12.1366666666667,16.6933333333333,8.52
1952-10-01,3.9258064516129,6.39032258064516,1.99032258064516
1952-11-01,-1.13333333333333,1.73,-3.40666666666667
1952-12-01,-5.88387096774194,-3.49677419354839,-8.29354838709678
1953-01-01,-10.4032258064516,-7.3,-14.0677419354839
1953-02-01,-15.6142857142857,-11.325,-19.4678571428571
1953-03-01,-2.60645161290323,1.83225806451613,-6.3741935483871
1953-04-01,7.18333333333333,12.1166666666667,3.01333333333333
1953-05-01,11.6451612903226,16.658064516129,6.36129032258065
1953-06-01,19.1933333333333,24.3733333333333,13.52
1953-07-01,19.0258064516129,24.6451612903226,14.0032258064516
1953-08-01,17.2903225806452,22.2161290322581,13.7258064516129
1953-09-01,10.0466666666667,13.93,7.16
1953-10-01,5.79032258064516,8.19032258064516,3.99032258064516
1953-11-01,-3.15666666666667,-0.84,-5.47333333333333
1953-12-01,-5.63225806451613,-3.95806451612903,-7.25806451612903
1954-01-01,-14.3064516129032,-10.7967741935484,-17.7548387096774
1954-02-01,-14,-9.98928571428571,-18.4642857142857
1954-03-01,-3.4258064516129,0.5,-6.70967741935484
1954-04-01,3.03,7.36666666666667,-0.613333333333334
1954-05-01,12.8838709677419,18.4774193548387,7.42258064516129
1954-06-01,18.9633333333333,24.7766666666667,12.5166666666667
1954-07-01,21.0258064516129,26.3064516129032,15.3967741935484
1954-08-01,18.3548387096774,23.9387096774194,13.5032258064516
1954-09-01,12.2866666666667,17.52,8.21333333333333
1954-10-01,5.73870967741936,8.95483870967742,3.32258064516129
1954-11-01,-1.57333333333333,0.876666666666666,-4.11333333333333
1954-12-01,-4.9741935483871,-3.00967741935484,-7.39677419354839
1955-01-01,-6.31290322580645,-3.66451612903226,-9.20967741935484
1955-02-01,-6.79285714285714,-3.86071428571429,-9.51785714285714
1955-03-01,-4.66451612903226,-0.996774193548387,-8.02258064516129
1955-04-01,1.46666666666667,5.29333333333333,-1.97
1955-05-01,10.5064516129032,15.3774193548387,6.06129032258065
1955-06-01,15.1,20.5166666666667,9.52333333333334
1955-07-01,17.9064516129032,23.0193548387097,12.4741935483871
1955-08-01,17.9161290322581,23.9193548387097,11.7225806451613
1955-09-01,13.8566666666667,19.2233333333333,9.34666666666667
1955-10-01,7.71290322580645,11.6193548387097,4.48709677419355
1955-11-01,-3.02333333333333,-0.263333333333333,-5.92666666666667
1955-12-01,-14.3064516129032,-10.7161290322581,-17.8129032258065
1956-01-01,-10.9161290322581,-7.5258064516129,-13.9322580645161
1956-02-01,-18.5034482758621,-13.9275862068966,-22.7551724137931
1956-03-01,-3.6,1.32903225806452,-8.07741935483871
1956-04-01,3.94,7.97,0.1
1956-05-01,10.6645161290323,15.6161290322581,6.09354838709677
1956-06-01,20.57,26.27,13.3566666666667
1956-07-01,15.1903225806452,19.7290322580645,11.3709677419355
1956-08-01,14.6258064516129,19.4709677419355,10.7129032258064
1956-09-01,8.42333333333333,12.9566666666667,5.15
1956-10-01,4.67096774193548,7.92903225806451,2.02903225806452
1956-11-01,-5.18,-3.10333333333333,-7.50333333333333
1956-12-01,-4.25483870967742,-2.34193548387097,-6.16129032258065
1957-01-01,-6.03870967741936,-3.21612903225806,-9.05161290322581
1957-02-01,-1.76071428571429,0.160714285714286,-3.92142857142857
1957-03-01,-6.31935483870968,-2.18064516129032,-9.81290322580645
1957-04-01,6.64,11.5833333333333,2.23
1957-05-01,14.4354838709677,20.158064516129,9.09354838709678
1957-06-01,15.24,20.2233333333333,10.6233333333333
1957-07-01,18.5548387096774,23.5161290322581,13.6032258064516
1957-08-01,17.0870967741936,22.1645161290323,12.6483870967742
1957-09-01,12.3133333333333,16.9633333333333,8.90666666666666
1957-10-01,5.24193548387097,8.51612903225806,2.75483870967742
1957-11-01,-0.893333333333333,1.61,-2.91666666666667
1957-12-01,-4.62258064516129,-2.11612903225807,-7.64516129032258
1958-01-01,-6.93225806451613,-3.86129032258065,-9.98709677419355
1958-02-01,-7.71071428571429,-3.90714285714286,-11.4428571428571
1958-03-01,-6.08064516129032,-1.30967741935484,-10.7258064516129
1958-04-01,4.06333333333333,8.13,0.106666666666666
1958-05-01,13.2903225806452,18.5064516129032,8.4
1958-06-01,14.89,19.8166666666667,10.2133333333333
1958-07-01,18.3677419354839,23.4806451612903,13.0129032258064
1958-08-01,15.6967741935484,19.7935483870968,12.0129032258064
1958-09-01,9.08,13.17,5.62666666666667
1958-10-01,6.03870967741935,9.31935483870968,3.55806451612903
1958-11-01,-0.786666666666667,2.20666666666667,-3.52333333333333
1958-12-01,-7.64193548387097,-4.35161290322581,-11.0516129032258
1959-01-01,-4.33548387096774,-1.75806451612903,-6.98709677419355
1959-02-01,-5.49285714285714,-2.475,-8.55714285714286
1959-03-01,-1.4258064516129,3.39677419354839,-5.23548387096774
1959-04-01,6.63,12.05,1.76
1959-05-01,11.4903225806452,16.1290322580645,6.73548387096774
1959-06-01,16.8866666666667,22.0766666666667,11.38
1959-07-01,20.5387096774194,26.0806451612903,15.2290322580645
1959-08-01,16.9322580645161,22.3903225806452,11.9161290322581
1959-09-01,8.25333333333333,11.9566666666667,5.17666666666667
1959-10-01,2.22903225806452,5.39032258064516,-0.290322580645161
1959-11-01,-5.11,-2.40666666666667,-7.41333333333333
1959-12-01,-10.9903225806452,-8.41290322580645,-12.9903225806452
1960-01-01,-9.35161290322581,-6.94193548387097,-12.1258064516129
1960-02-01,-7.65172413793103,-4.71034482758621,-11.0034482758621
1960-03-01,-5.48064516129032,-0.693548387096775,-9.18709677419355
1960-04-01,5.04666666666667,10.0766666666667,0.37
1960-05-01,11.6258064516129,16.5612903225806,5.93870967741935
1960-06-01,18.4866666666667,23.4333333333333,12.9066666666667
1960-07-01,21.0096774193548,27.0064516129032,14.7322580645161
1960-08-01,16.1903225806452,20.5806451612903,12.5193548387097
1960-09-01,9.8,13.8533333333333,6.54333333333333
1960-10-01,2.33870967741936,4.80645161290323,-0.0451612903225803
1960-11-01,-3.62,-1.40666666666667,-5.85333333333333
1960-12-01,0.167741935483871,1.47741935483871,-1.37741935483871
1961-01-01,-6.1741935483871,-3.74193548387097,-8.73548387096774
1961-02-01,-2.33571428571429,-0.0714285714285715,-4.825
1961-03-01,0.245161290322581,2.94516129032258,-2.31290322580645
1961-04-01,4.31,8.75333333333333,0.303333333333333
1961-05-01,12.058064516129,17.1129032258064,6.02903225806452
1961-06-01,19.1733333333333,24.6266666666667,13.3866666666667
1961-07-01,19.3741935483871,24.141935483871,14.9161290322581
1961-08-01,16.8258064516129,21.2612903225806,13.1129032258065
1961-09-01,9.68666666666667,14.3033333333333,5.74333333333333
1961-10-01,6.59032258064516,10.2806451612903,3.2741935483871
1961-11-01,-1.55,0.863333333333333,-4.24333333333333
1961-12-01,-8.07096774193548,-5.50645161290323,-11.2193548387097
1962-01-01,-4.24838709677419,-1.67096774193548,-7.89354838709677
1962-02-01,-6.05714285714286,-2.68214285714286,-10.1678571428571
1962-03-01,-5.01290322580645,-1.05806451612903,-9.64193548387096
1962-04-01,7.59,12.99,3.16666666666667
1962-05-01,13.2258064516129,18.1935483870968,8.19032258064516
1962-06-01,13.5066666666667,17.8433333333333,9.43666666666667
1962-07-01,16.3612903225806,20.5870967741936,12.3870967741935
1962-08-01,14.8322580645161,19.0258064516129,10.9354838709677
1962-09-01,10.79,15.4366666666667,7.01
1962-10-01,6.45161290322581,9.94838709677419,3.52258064516129
1962-11-01,1.34333333333333,3.71,-0.776666666666667
1962-12-01,-7.35161290322581,-4.46451612903226,-9.88709677419355
1963-01-01,-15.9290322580645,-12.8645161290323,-19.5064516129032
1963-02-01,-10.0571428571429,-6.21071428571429,-13.9107142857143
1963-03-01,-9.42903225806451,-4.79677419354839,-14.0451612903226
1963-04-01,3.88666666666667,9.16,-1.35
1963-05-01,17.0225806451613,23.0193548387097,9.85806451612903
1963-06-01,13.54,17.98,9.41
1963-07-01,19.1322580645161,24.4387096774194,13.1838709677419
1963-08-01,17.7967741935484,23.3935483870968,12.2290322580645
1963-09-01,13.2166666666667,19.1933333333333,8.59
1963-10-01,5.6516129032258,9.23225806451613,2.56129032258065
1963-11-01,-0.216666666666667,2.02,-2.41333333333333
1963-12-01,-8.7516129032258,-6.2516129032258,-11.858064516129
1964-01-01,-8.0741935483871,-3.8741935483871,-12.5225806451613
1964-02-01,-9.97586206896552,-6.30689655172414,-14.0034482758621
1964-03-01,-6.19032258064516,-1.49354838709677,-10.4032258064516
1964-04-01,4.20666666666667,7.74666666666667,1.20333333333333
1964-05-01,11.5290322580645,16.1322580645161,6.63870967741935
1964-06-01,18.9833333333333,24.5366666666667,12.1466666666667
1964-07-01,19.9903225806452,25.7967741935484,13.4838709677419
1964-08-01,16.0064516129032,21.6774193548387,10.7290322580645
1964-09-01,11.8066666666667,17.1833333333333,7.83
1964-10-01,6.89354838709678,10.558064516129,4.06451612903226
1964-11-01,-2.30666666666667,0.596666666666667,-4.72666666666667
1964-12-01,-2.85806451612903,-0.654838709677419,-5.28064516129032
1965-01-01,-9.52903225806451,-6.55161290322581,-12.5225806451613
1965-02-01,-10.0714285714286,-6.40357142857143,-13.5607142857143
1965-03-01,-3.30322580645161,0.6,-6.8741935483871
1965-04-01,2.52333333333333,7.31666666666667,-2.91
1965-05-01,9.73870967741936,14.7032258064516,4.99677419354839
1965-06-01,16.0166666666667,21.03,10.0366666666667
1965-07-01,16.6612903225806,21.5161290322581,12.1935483870968
1965-08-01,15.7354838709677,20.9258064516129,10.9612903225806
1965-09-01,12.9233333333333,17.7133333333333,9.47666666666667
1965-10-01,3.80645161290323,6.80967741935484,1.13225806451613
1965-11-01,-5.78666666666667,-2.65,-8.61333333333334
1965-12-01,-1.49354838709677,0.0258064516129033,-3.19032258064516
1966-01-01,-9.66451612903226,-6.92258064516129,-12.9935483870968
1966-02-01,-8.85714285714286,-5.67142857142857,-11.7892857142857
1966-03-01,0.00967741935483873,2.9,-2.53548387096774
1966-04-01,8.71666666666667,13.4166666666667,5.12
1966-05-01,15.4225806451613,20.9193548387097,9.66451612903226
1966-06-01,16.54,21.7933333333333,10.8066666666667
1966-07-01,19.2129032258065,24.1548387096774,14.4967741935484
1966-08-01,16.6451612903226,21.9032258064516,12.4129032258065
1966-09-01,9.54333333333333,13.5466666666667,6.04666666666667
1966-10-01,6.08709677419355,9.71290322580645,2.67096774193548
1966-11-01,-0.9,1.06666666666667,-2.62666666666667
1966-12-01,-10.5258064516129,-8.26129032258065,-12.8161290322581
1967-01-01,-13.9225806451613,-10.0774193548387,-17.6516129032258
1967-02-01,-10.4357142857143,-6.24642857142857,-14.625
1967-03-01,0.338709677419355,3.28387096774194,-2.15483870967742
1967-04-01,6.56666666666667,10.69,3.03666666666667
1967-05-01,16.9451612903226,22.9903225806452,11.1806451612903
1967-06-01,16.4533333333333,21.5266666666667,11.27
1967-07-01,17.7064516129032,23.0645161290323,12.1322580645161
1967-08-01,18.3612903225806,23.6903225806452,13.9838709677419
1967-09-01,11.3533333333333,16.36,6.76
1967-10-01,9.00322580645162,12.2645161290323,6.15161290322581
1967-11-01,0.42,2.91333333333333,-1.95666666666667
1967-12-01,-9.58387096774193,-6.86774193548387,-12.9290322580645
1968-01-01,-15.5483870967742,-12.158064516129,-18.6935483870968
1968-02-01,-8.26551724137931,-4.11379310344827,-12.1275862068966
1968-03-01,-1,3.46129032258065,-5.01935483870968
1968-04-01,6.02,11.3566666666667,1.55666666666667
1968-05-01,12.3838709677419,17.7774193548387,6.78387096774193
1968-06-01,18.33,24.1833333333333,11.95
1968-07-01,15.7258064516129,20.0677419354839,11.9806451612903
1968-08-01,17.7129032258064,23.5483870967742,12.6645161290323
1968-09-01,10.79,15.9133333333333,6.58
1968-10-01,2.95483870967742,6.16774193548387,0.283870967741935
1968-11-01,-2.53333333333333,-0.18,-4.96
1968-12-01,-5.32258064516129,-2.38387096774194,-8.1483870967742
1969-01-01,-16.1709677419355,-12.458064516129,-19.5096774193548
1969-02-01,-13.4357142857143,-8.08214285714286,-18.5857142857143
1969-03-01,-6.91290322580645,-1.84838709677419,-11.9032258064516
1969-04-01,5.97333333333333,11.3733333333333,1.53333333333333
1969-05-01,11.1258064516129,16.0354838709677,6.03225806451613
1969-06-01,14.7366666666667,19.5033333333333,9.67333333333333
1969-07-01,17.8032258064516,22.7354838709677,13.2193548387097
1969-08-01,16.4451612903226,21.9677419354839,11.7548387096774
1969-09-01,10.22,15.12,6.06333333333333
1969-10-01,4.69032258064516,7.6258064516129,2.3741935483871
1969-11-01,1.78666666666667,4.06,-0.403333333333333
1969-12-01,-9.15806451612903,-6.80322580645161,-11.5903225806452
1970-01-01,-10.3741935483871,-6.56774193548387,-14.0322580645161
1970-02-01,-8.325,-4.00357142857143,-12.6035714285714
1970-03-01,-2.85161290322581,0.751612903225806,-6.67741935483871
1970-04-01,5.83333333333333,9.74,2.13333333333333
1970-05-01,12.6,18.0838709677419,6.74516129032258
1970-06-01,15.82,20.9933333333333,10.4966666666667
1970-07-01,19.3161290322581,24.5645161290323,14.2709677419355
1970-08-01,16.258064516129,21.158064516129,12.0451612903226
1970-09-01,11.09,15.7266666666667,7.17
1970-10-01,5.39354838709678,7.49677419354838,3.41612903225806
1970-11-01,-1.82333333333333,0.05,-3.76666666666667
1970-12-01,-5.88709677419355,-3.75161290322581,-8.42258064516129
1971-01-01,-3.53870967741936,-1.47741935483871,-5.82903225806452
1971-02-01,-9.41071428571429,-6.01785714285714,-12.5178571428571
1971-03-01,-4.16129032258065,-0.561290322580645,-7.37741935483871
1971-04-01,3.82666666666667,8.17,-0.31
1971-05-01,12.7741935483871,17.8193548387097,6.89354838709678
1971-06-01,16.38,21.7166666666667,11.4466666666667
1971-07-01,17.4677419354839,21.6387096774194,13.6096774193548
1971-08-01,16.7290322580645,22.0612903225806,11.7903225806452
1971-09-01,10.78,14.58,7.44
1971-10-01,3.22258064516129,5.98387096774194,0.593548387096774
1971-11-01,-0.63,1.76666666666667,-2.92333333333333
1971-12-01,-5.65161290322581,-2.31612903225806,-8.86451612903226
1972-01-01,-14.8741935483871,-11.4709677419355,-18.1677419354839
1972-02-01,-7.40344827586207,-3.24137931034483,-11.2310344827586
1972-03-01,-2.54193548387097,1.87096774193548,-6.58064516129033
1972-04-01,5.88,10.5966666666667,1.28
1972-05-01,12.5741935483871,18.4806451612903,6.57741935483871
1972-06-01,18.9833333333333,23.91,13.2466666666667
1972-07-01,22.4129032258064,27.8451612903226,16.7483870967742
1972-08-01,20.6322580645161,27.5612903225806,14.1354838709677
1972-09-01,10.9833333333333,16.05,6.69333333333333
1972-10-01,5.16774193548387,7.84193548387097,2.48064516129032
1972-11-01,-0.186666666666667,1.72666666666667,-1.97333333333333
1972-12-01,-0.906451612903226,0.774193548387097,-2.77096774193548
1973-01-01,-10.2483870967742,-6.40645161290323,-13.8129032258065
1973-02-01,-3.38571428571429,-0.921428571428571,-6.03928571428571
1973-03-01,-1.01612903225806,3.14838709677419,-5.21612903225806
1973-04-01,7.88,11.9033333333333,4.36333333333333
1973-05-01,13.2548387096774,18.1258064516129,8.35483870967742
1973-06-01,18.24,23.7066666666667,11.9266666666667
1973-07-01,17.9774193548387,23.0161290322581,13.3032258064516
1973-08-01,15.9096774193548,20.5838709677419,11.8096774193548
1973-09-01,7.63333333333334,11.3633333333333,4.19333333333333
1973-10-01,3.69354838709677,6.35483870967742,1.1741935483871
1973-11-01,-2.06,0.023333333333333,-4.15666666666667
1973-12-01,-5.86129032258065,-3.3741935483871,-8.39354838709677
1974-01-01,-10.2193548387097,-7,-13.3548387096774
1974-02-01,-1.46071428571429,0.546428571428572,-3.50714285714286
1974-03-01,-0.619354838709677,2.54193548387097,-3.43870967741936
1974-04-01,3.40333333333333,8.00333333333333,-0.833333333333333
1974-05-01,9.64193548387097,14.2741935483871,5.44838709677419
1974-06-01,16.4466666666667,21.5666666666667,11.08
1974-07-01,18.1806451612903,23.2483870967742,14.0129032258065
1974-08-01,15.8741935483871,21.0354838709677,11.2709677419355
1974-09-01,13.1033333333333,18.87,7.94333333333333
1974-10-01,8.68064516129032,12.241935483871,5.20967741935484
1974-11-01,1.77666666666667,3.32,0.223333333333333
1974-12-01,-2.33548387096774,-0.680645161290322,-4.3
1975-01-01,-3.67096774193548,-1.23225806451613,-6.0741935483871
1975-02-01,-6.38571428571429,-3.26428571428572,-10.0035714285714
1975-03-01,1.23870967741935,4.22903225806451,-1.79354838709677
1975-04-01,10.0666666666667,14.9433333333333,5.32
1975-05-01,15.6387096774194,21.8677419354839,9.03870967741936
1975-06-01,17.7766666666667,22.9466666666667,12.1733333333333
1975-07-01,18.5,23.4516129032258,13.4032258064516
1975-08-01,15.0193548387097,19.6483870967742,10.7322580645161
1975-09-01,13.6633333333333,18.31,9.53
1975-10-01,4.09354838709677,7.4258064516129,0.887096774193548
1975-11-01,-3.29666666666667,-0.65,-5.91666666666667
1975-12-01,-4.03225806451613,-1.25483870967742,-7.10967741935484
1976-01-01,-12.241935483871,-9.34838709677419,-15.2870967741936
1976-02-01,-11.4551724137931,-6.09310344827586,-15.9724137931034
1976-03-01,-2.55806451612903,0.393548387096774,-5.33548387096774
1976-04-01,5.72333333333333,11.2833333333333,0.823333333333333
1976-05-01,10.9258064516129,15.6516129032258,6.65161290322581
1976-06-01,13.7133333333333,18.21,9.53666666666667
1976-07-01,16.1032258064516,20.8032258064516,11.7645161290323
1976-08-01,14.5,19.1290322580645,10.441935483871
1976-09-01,9.65333333333333,14.72,4.76333333333333
1976-10-01,-0.948387096774193,2.41290322580645,-3.80645161290323
1976-11-01,-0.803333333333333,0.62,-2.32333333333333
1976-12-01,-3.69032258064516,-1.78709677419355,-5.54838709677419
1977-01-01,-11.2548387096774,-8.45806451612903,-13.8741935483871
1977-02-01,-6.33214285714286,-3.41071428571429,-9.00714285714285
1977-03-01,-0.851612903225806,2.45483870967742,-3.81935483870968
1977-04-01,7.03,11.5966666666667,2.70333333333333
1977-05-01,14.2290322580645,19.6354838709677,9.21935483870968
1977-06-01,16.8366666666667,22.0166666666667,11.6433333333333
1977-07-01,18.7645161290323,23.6838709677419,14.0903225806452
1977-08-01,15.8258064516129,21.2935483870968,11.2870967741935
1977-09-01,9.50666666666667,14.07,5.86
1977-10-01,3.1,6.05806451612903,0.483870967741935
1977-11-01,1.72666666666667,3.54333333333333,0.176666666666667
1977-12-01,-8.1741935483871,-5.38387096774194,-11.0483870967742
1978-01-01,-7.27096774193548,-4.59354838709677,-10.1677419354839
1978-02-01,-9.5,-5.725,-12.9642857142857
1978-03-01,0.390322580645161,3.38387096774194,-2.35483870967742
1978-04-01,4.61333333333333,9.16333333333333,0.736666666666667
1978-05-01,10.4935483870968,15.6193548387097,5.31612903225806
1978-06-01,14.3133333333333,19.1466666666667,9.78
1978-07-01,16.3451612903226,20.9225806451613,11.858064516129
1978-08-01,15.7741935483871,20.5193548387097,11.4548387096774
1978-09-01,9.72333333333333,13.2766666666667,6.8
1978-10-01,3.34193548387097,6.81612903225806,0.135483870967742
1978-11-01,2.00333333333333,4.31333333333333,-0.586666666666667
1978-12-01,-14.5096774193548,-10.8064516129032,-18.0096774193548
1979-01-01,-9.95483870967743,-7.61290322580645,-12.7516129032258
1979-02-01,-8.82857142857143,-4.85357142857143,-12.6892857142857
1979-03-01,-0.883870967741935,1.91935483870968,-3.50322580645161
1979-04-01,3.31,7.24333333333333,-0.403333333333334
1979-05-01,17.1064516129032,23.2322580645161,10.2451612903226
1979-06-01,17.1533333333333,22.2933333333333,11.5733333333333
1979-07-01,16.6741935483871,21.1870967741936,12.7032258064516
1979-08-01,16.9387096774194,22.2,11.8
1979-09-01,11.73,15.8,8.18333333333333
1979-10-01,3.83870967741935,7.01612903225806,1.03548387096774
1979-11-01,-0.913333333333333,0.576666666666667,-2.50333333333333
1979-12-01,-5.65806451612903,-3.30967741935484,-8.68064516129032
1980-01-01,-11.3129032258065,-7.54193548387097,-14.5032258064516
1980-02-01,-7.15172413793104,-4.02068965517241,-10.4
1980-03-01,-6.37096774193548,-1.84193548387097,-10.9774193548387
1980-04-01,5.84666666666667,10.0866666666667,1.89
1980-05-01,8.37096774193548,12.6612903225806,4.53225806451613
1980-06-01,17.87,23.1966666666667,12.3633333333333
1980-07-01,17.2,21.6032258064516,13.3129032258065
1980-08-01,14.7096774193548,18.6483870967742,11.3
1980-09-01,10.5366666666667,14.6333333333333,6.79
1980-10-01,5.19032258064516,8.47096774193548,2.06774193548387
1980-11-01,-2.04,0.2,-4.59333333333333
1980-12-01,-4.24838709677419,-1.7,-6.7
1981-01-01,-5.39354838709678,-3.29354838709677,-7.53225806451613
1981-02-01,-4.90714285714286,-2.2,-7.68928571428571
1981-03-01,-3.13548387096774,0.706451612903226,-6.78709677419355
1981-04-01,3.34,7.61666666666667,-0.266666666666667
1981-05-01,14.0193548387097,20,8.01290322580645
1981-06-01,19.8133333333333,25.2533333333333,14.2766666666667
1981-07-01,21.5129032258065,27.2193548387097,15.5548387096774
1981-08-01,17.3967741935484,22.1741935483871,13.0677419354839
1981-09-01,10.8166666666667,14.7766666666667,7.77666666666667
1981-10-01,7.80645161290323,11.0258064516129,4.61290322580645
1981-11-01,-0.583333333333333,0.73,-1.90666666666667
1981-12-01,-3.50967741935484,-1.43548387096774,-5.68387096774193
1982-01-01,-10.158064516129,-7.02258064516129,-13.6483870967742
1982-02-01,-8.79285714285714,-4.76071428571429,-12.5392857142857
1982-03-01,-0.648387096774194,2.80967741935484,-3.9741935483871
1982-04-01,5.33666666666667,9.51333333333333,1.47333333333333
1982-05-01,11.9774193548387,16.4645161290323,7.30645161290323
1982-06-01,13.8566666666667,18.7133333333333,9.30333333333333
1982-07-01,18.4,22.9096774193548,13.7903225806452
1982-08-01,16.6451612903226,21.5774193548387,12.4483870967742
1982-09-01,11.7533333333333,16.23,7.62333333333333
1982-10-01,4.06451612903226,6.83870967741935,1.23225806451613
1982-11-01,2.03333333333333,4.22,-0.0333333333333333
1982-12-01,-1.13548387096774,0.803225806451613,-3
1983-01-01,-3.96774193548387,-1.83870967741935,-6.34838709677419
1983-02-01,-6.87857142857143,-4.30357142857143,-9.80714285714286
1983-03-01,-1.40322580645161,2.4,-4.8
1983-04-01,9.29,13.7,5.47666666666667
1983-05-01,15.6129032258065,20.7290322580645,10.1354838709677
1983-06-01,14.55,19.2933333333333,10.11
1983-07-01,17.9387096774194,22.5870967741935,13.9129032258065
1983-08-01,16.0322580645161,20.8032258064516,11.4096774193548
1983-09-01,12.4133333333333,17.2733333333333,8.04333333333333
1983-10-01,6.2,9.15483870967742,3.3
1983-11-01,-1.46666666666667,1.21333333333333,-3.99
1983-12-01,-3.18064516129032,-1.2258064516129,-5.26451612903226
1984-01-01,-4.40967741935484,-2.30967741935484,-6.65161290322581
1984-02-01,-10.2689655172414,-6.57241379310345,-13.7551724137931
1984-03-01,-2.35483870967742,0.551612903225806,-5.26451612903226
1984-04-01,7.46666666666667,12.48,2.41666666666667
1984-05-01,15.9709677419355,21.6193548387097,10.4612903225806
1984-06-01,15.59,20.4933333333333,10.6833333333333
1984-07-01,17.5677419354839,22.1258064516129,13.1645161290323
1984-08-01,15.1258064516129,20.058064516129,10.8258064516129
1984-09-01,12.41,16.48,8.87666666666667
1984-10-01,6.8,9.94516129032258,4.11290322580645
1984-11-01,-3.54333333333333,-0.62,-5.90666666666667
1984-12-01,-9.59032258064516,-6.97741935483871,-11.9741935483871
1985-01-01,-10.0129032258065,-6.39677419354839,-13.9774193548387
1985-02-01,-14.0142857142857,-9.82142857142857,-17.9857142857143
1985-03-01,-3.06774193548387,0.716129032258064,-6.79677419354839
1985-04-01,5.34666666666667,9.67666666666666,1.52666666666667
1985-05-01,12.9741935483871,18.8193548387097,7.2
1985-06-01,14.6633333333333,19.0933333333333,10.8333333333333
1985-07-01,16.4387096774194,21.2709677419355,12.2193548387097
1985-08-01,19.4193548387097,25.0741935483871,14.4064516129032
1985-09-01,10.1233333333333,14.06,7.00666666666667
1985-10-01,6.07096774193548,8.62903225806451,3.88709677419355
1985-11-01,-3.33333333333333,-1.41,-5.42333333333333
1985-12-01,-6.53548387096774,-3.97096774193548,-9.83225806451613
1986-01-01,-6.7258064516129,-3.97096774193548,-9.73225806451613
1986-02-01,-13.5392857142857,-9.16071428571429,-17.5107142857143
1986-03-01,0.158064516129032,4.26774193548387,-3.54516129032258
1986-04-01,6.68,10.4833333333333,3.19666666666667
1986-05-01,13.6483870967742,19.0258064516129,7.65806451612903
1986-06-01,18.6333333333333,23.5066666666667,13.85
1986-07-01,17.7967741935484,23.0967741935484,12.8935483870968
1986-08-01,16.5161290322581,21.6645161290323,12.1
1986-09-01,8.58,12.24,5.43666666666667
1986-10-01,4.1741935483871,7.81935483870968,1.19677419354839
1986-11-01,-0.0933333333333333,1.51,-1.71333333333333
1986-12-01,-7.45483870967742,-4.30645161290323,-10.941935483871
1987-01-01,-17.5064516129032,-14.4483870967742,-20.9451612903226
1987-02-01,-6.05714285714286,-2.71785714285714,-9.65
1987-03-01,-5.31290322580645,-1.28709677419355,-9.66451612903226
1987-04-01,2.81,6.84666666666667,-1.13666666666667
1987-05-01,12.8322580645161,18.0903225806452,7.37096774193548
1987-06-01,17.7366666666667,22.1366666666667,13.6633333333333
1987-07-01,16.7645161290323,21.358064516129,12.5387096774194
1987-08-01,15.0870967741935,19.858064516129,10.9193548387097
1987-09-01,9.04666666666667,12.5,6.21666666666667
1987-10-01,3.59032258064516,7.4741935483871,0.112903225806451
1987-11-01,-3.64666666666667,-1.1,-6.11666666666667
1987-12-01,-6.98387096774194,-3.34193548387097,-10.9
1988-01-01,-7.24193548387097,-5.26451612903226,-9.28064516129032
1988-02-01,-6.11379310344827,-3.48275862068965,-8.71724137931035
1988-03-01,-0.993548387096774,2,-3.72258064516129
1988-04-01,5.34666666666667,10.29,1.04
1988-05-01,13.8483870967742,19.4483870967742,8.16774193548387
1988-06-01,19.53,24.77,14.72
1988-07-01,21.5870967741935,26.9774193548387,16.9354838709677
1988-08-01,16.4741935483871,21.1161290322581,12.8096774193548
1988-09-01,11.28,15.19,7.95666666666667
1988-10-01,4.87096774193548,8.63548387096774,1.46129032258065
1988-11-01,-4.44,-2.14,-7.16
1988-12-01,-6.93548387096774,-4.33548387096774,-10.1032258064516
1989-01-01,-2.11290322580645,0.138709677419355,-4.46129032258065
1989-02-01,-0.503571428571429,1.74285714285714,-2.87857142857143
1989-03-01,1.99032258064516,4.93870967741936,-0.67741935483871
1989-04-01,7.65666666666667,12.5566666666667,3.14
1989-05-01,13.3967741935484,18.9612903225806,8.06451612903225
1989-06-01,20.0533333333333,26.0366666666667,15.18
1989-07-01,19.1612903225806,24.2354838709677,14.358064516129
1989-08-01,16.2483870967742,20.9741935483871,12.0645161290323
1989-09-01,12.1766666666667,17.5233333333333,7.73
1989-10-01,5.32903225806451,7.73548387096774,2.88387096774194
1989-11-01,-2.63333333333333,-0.55,-4.95333333333333
1989-12-01,-5.29354838709677,-2.75161290322581,-8.16451612903226
1990-01-01,-5.66774193548387,-3.11612903225807,-8.30967741935484
1990-02-01,0.382142857142857,1.92857142857143,-1.21785714285714
1990-03-01,1.98064516129032,5.2741935483871,-0.97741935483871
1990-04-01,8.12,12.7466666666667,3.8
1990-05-01,10.8032258064516,15.9709677419355,5.47741935483871
1990-06-01,14.5066666666667,19.17,9.38
1990-07-01,17.5354838709677,22,13.5903225806452
1990-08-01,15.9548387096774,20.5290322580645,11.7096774193548
1990-09-01,9.32,12.5333333333333,6.54666666666667
1990-10-01,5.35806451612903,8.55483870967742,2.30322580645161
1990-11-01,0.25,2.1,-1.75666666666667
1990-12-01,-3.39354838709677,-1.82903225806452,-5.06774193548387
1991-01-01,-6.23870967741936,-3.54193548387097,-8.95483870967742
1991-02-01,-6.67857142857143,-4.08571428571429,-9.50357142857143
1991-03-01,-1.21935483870968,2.58387096774194,-4.76451612903226
1991-04-01,7.03,11.6533333333333,2.87666666666667
1991-05-01,13.3870967741935,18.6064516129032,8.7258064516129
1991-06-01,18.7833333333333,23.8166666666667,14.0533333333333
1991-07-01,18.0806451612903,22.7322580645161,13.658064516129
1991-08-01,16.0903225806452,20.7870967741935,12.141935483871
1991-09-01,10.9733333333333,15.1633333333333,7.21
1991-10-01,6.53870967741935,9.88709677419355,3.71290322580645
1991-11-01,0.97,2.76,-0.693333333333334
1991-12-01,-3.9741935483871,-1.91612903225806,-6.00967741935484
1992-01-01,-5.27096774193548,-2.3,-8.20322580645161
1992-02-01,-4.31379310344828,-1.88620689655172,-6.83448275862069
1992-03-01,1.65483870967742,4.9258064516129,-0.993548387096774
1992-04-01,5.14,9.42666666666667,1.43666666666667
1992-05-01,11.9322580645161,17.5,6.18709677419355
1992-06-01,16.6933333333333,22.0733333333333,11.2833333333333
1992-07-01,18.6225806451613,24.0290322580645,12.4290322580645
1992-08-01,18.041935483871,23.041935483871,13.0967741935484
1992-09-01,13.1466666666667,17.3966666666667,9.34333333333333
1992-10-01,2.15483870967742,5.10322580645161,-0.32258064516129
1992-11-01,-2.53333333333333,-0.71,-4.50666666666667
1992-12-01,-4.39677419354839,-2.4,-6.60967741935484
1993-01-01,-4.41612903225806,-2.24838709677419,-6.99032258064516
1993-02-01,-4.88214285714286,-1.875,-8.24642857142857
1993-03-01,-1.93225806451613,1.24516129032258,-5.22258064516129
1993-04-01,5.73,9.86,1.71333333333333
1993-05-01,14.4903225806452,20.5612903225806,8.1
1993-06-01,14.0233333333333,18.6566666666667,9.03333333333333
1993-07-01,17.5064516129032,22.1645161290323,13.641935483871
1993-08-01,15.4258064516129,20,11.6322580645161
1993-09-01,6.87,10.6833333333333,3.54333333333333
1993-10-01,4.64516129032258,8.08387096774194,1.1258064516129
1993-11-01,-8.00333333333333,-5.53333333333333,-10.1066666666667
1993-12-01,-3.61290322580645,-1.6741935483871,-5.7741935483871
1994-01-01,-3.42258064516129,-1.39354838709677,-5.88064516129032
1994-02-01,-11.3,-8.21428571428571,-14.6857142857143
1994-03-01,-2.92903225806452,0.667741935483871,-6.58387096774194
1994-04-01,7.22666666666666,11.9,2.78
1994-05-01,9.84838709677419,14.9354838709677,5.17096774193549
1994-06-01,14.5466666666667,19.1733333333333,10.12
1994-07-01,17.5612903225806,22.6677419354839,12.558064516129
1994-08-01,15.8709677419355,20.4741935483871,11.6612903225806
1994-09-01,13.6766666666667,18.54,9.43666666666667
1994-10-01,4.95806451612903,8.90967741935484,1.41935483870968
1994-11-01,-2.52666666666667,-0.143333333333333,-4.88666666666667
1994-12-01,-7.94838709677419,-5.97096774193548,-10.1258064516129
1995-01-01,-5.8741935483871,-3.84516129032258,-8.05483870967742
1995-02-01,-0.846428571428571,1.25714285714286,-2.78214285714286
1995-03-01,0.587096774193548,3.77096774193548,-2.26129032258065
1995-04-01,9.11666666666667,13.9,4.54333333333333
1995-05-01,14.4709677419355,20.5032258064516,8.44516129032258
1995-06-01,19.6833333333333,25.13,13.72
1995-07-01,17.5483870967742,22.5193548387097,12.7645161290323
1995-08-01,16.7935483870968,21.9741935483871,12.0322580645161
1995-09-01,12.8233333333333,17.0766666666667,8.77666666666667
1995-10-01,6.68387096774194,10.3903225806452,3.38387096774194
1995-11-01,-2.81666666666667,-0.466666666666667,-5.28666666666667
1995-12-01,-9.50645161290323,-6.18709677419355,-12.4129032258064
1996-01-01,-10.0193548387097,-7.16774193548387,-12.7129032258065
1996-02-01,-9.68965517241379,-6.27931034482759,-13.0620689655172
1996-03-01,-3.04516129032258,1.23225806451613,-7.35161290322581
1996-04-01,6.40333333333333,11.2966666666667,1.93
1996-05-01,15.7032258064516,21.3387096774194,10.1935483870968
1996-06-01,16.5266666666667,21.3766666666667,11.6833333333333
1996-07-01,18.9,23.9032258064516,14.3516129032258
1996-08-01,17.2741935483871,23.3709677419355,11.3774193548387
1996-09-01,9.88,14.2766666666667,5.93666666666667
1996-10-01,6.05161290322581,9.07096774193548,3.0258064516129
1996-11-01,3.86333333333333,5.68333333333333,2.09333333333333
1996-12-01,-7.01935483870968,-5.08709677419355,-8.75483870967742
1997-01-01,-7.73225806451613,-4.68064516129032,-10.8516129032258
1997-02-01,-4.68214285714286,-1.49285714285714,-7.63214285714286
1997-03-01,-0.932258064516129,2.21935483870968,-4.16451612903226
1997-04-01,4.65,8.72333333333333,0.79
1997-05-01,11.0935483870968,16.5806451612903,6.09677419354839
1997-06-01,17.83,22.82,13.4033333333333
1997-07-01,18.7290322580645,23.7967741935484,13.2612903225806
1997-08-01,17.1225806451613,22.3612903225806,12.3354838709677
1997-09-01,8.51666666666667,12.1766666666667,5.21
1997-10-01,3.67741935483871,6.34516129032258,1.20645161290323
1997-11-01,-0.843333333333333,1.08666666666667,-2.69666666666667
1997-12-01,-7.53870967741935,-5.37741935483871,-9.89032258064516
1998-01-01,-4.7258064516129,-2.70322580645161,-6.71935483870968
1998-02-01,-7.64285714285714,-3.41071428571428,-11.6892857142857
1998-03-01,-1.34838709677419,2.44193548387097,-4.97096774193548
1998-04-01,3.9,8.35,-0.83
1998-05-01,13.7129032258064,18.8483870967742,8.92258064516129
1998-06-01,19.9766666666667,24.9066666666667,14.8466666666667
1998-07-01,18.8645161290323,23.4258064516129,14.7645161290323
1998-08-01,15.4870967741935,19.2935483870968,12.2677419354839
1998-09-01,10.7,15.13,6.69333333333333
1998-10-01,5.65806451612903,8.91290322580645,3.01612903225806
1998-11-01,-8.03,-5.49666666666667,-10.4866666666667
1998-12-01,-5.93870967741936,-3.2,-8.80967741935484
1999-01-01,-4.57741935483871,-2.21290322580645,-6.8258064516129
1999-02-01,-6.25357142857143,-2.90714285714286,-9.93214285714286
1999-03-01,-0.835483870967742,3.43548387096774,-4.70322580645161
1999-04-01,9.68333333333333,14.7766666666667,4.53666666666667
1999-05-01,8.6741935483871,13.6967741935484,3.5741935483871
1999-06-01,21.4233333333333,27.17,14.38
1999-07-01,21.7193548387097,27.0838709677419,16.5258064516129
1999-08-01,16.4064516129032,21.1354838709677,12.5709677419355
1999-09-01,11.77,16.64,7.49333333333333
1999-10-01,7.3741935483871,10.6741935483871,4.49032258064516
1999-11-01,-4.93333333333333,-1.58,-7.77
1999-12-01,-1.70645161290323,0.0258064516129035,-3.4741935483871
2000-01-01,-6.11290322580645,-4.11612903225806,-7.99677419354839
2000-02-01,-2.70344827586207,-0.144827586206897,-5.23103448275862
2000-03-01,-0.7,2.74516129032258,-3.97741935483871
2000-04-01,11.11,15.9966666666667,6.12
2000-05-01,10.8258064516129,16.4806451612903,5.0258064516129
2000-06-01,16.2366666666667,21.12,11.1366666666667
2000-07-01,19.3322580645161,23.5838709677419,15.5548387096774
2000-08-01,16.7548387096774,21.3451612903226,12.4903225806452
2000-09-01,10.0433333333333,14.3066666666667,6.25666666666667
2000-10-01,7.18064516129032,10.4161290322581,4.20645161290323
2000-11-01,-0.0500000000000003,1.97666666666667,-1.98
2000-12-01,-2.6258064516129,-1.06129032258065,-4.14838709677419
2001-01-01,-4.31290322580645,-2.33548387096774,-6.43870967741935
2001-02-01,-7.19285714285714,-3.71785714285714,-10.8571428571429
2001-03-01,-2.1258064516129,1.48387096774194,-5.59354838709677
2001-04-01,10.9666666666667,15.9033333333333,5.82333333333333
2001-05-01,11.2516129032258,16.2548387096774,6.60322580645161
2001-06-01,16.2666666666667,21.4066666666667,11.6833333333333
2001-07-01,22.9677419354839,28.4258064516129,17.8129032258064
2001-08-01,16.9645161290323,21.8290322580645,12.4129032258064
2001-09-01,12.1933333333333,17.4966666666667,7.71333333333333
2001-10-01,4.80645161290323,7.45806451612903,2.56774193548387
2001-11-01,-0.526666666666667,1.92666666666667,-2.75
2001-12-01,-10.5806451612903,-7.8258064516129,-13.3258064516129
2002-01-01,-4.75483870967742,-1.94838709677419,-7.29032258064516
2002-02-01,-0.425,1.80714285714286,-2.71071428571429
2002-03-01,2.22903225806452,6.11612903225806,-1.18387096774194
2002-04-01,7.18333333333333,12.7233333333333,1.48333333333333
2002-05-01,12.7322580645161,18.4483870967742,6.67741935483871
2002-06-01,17.31,22.5933333333333,11.4933333333333
2002-07-01,22.6387096774194,28.3193548387097,16.3322580645161
2002-08-01,17.041935483871,22.7290322580645,11.4935483870968
2002-09-01,12.03,16.6733333333333,7.98666666666667
2002-10-01,2.54516129032258,4.8741935483871,0.00967741935483878
2002-11-01,-1.47666666666667,0.44,-3.35333333333333
2002-12-01,-12.5612903225806,-9.50967741935484,-15.9806451612903
2003-01-01,-7.35161290322581,-4.33870967741936,-10.6064516129032
2003-02-01,-8.65357142857143,-4.95,-12.1535714285714
2003-03-01,-2.72903225806452,1.83870967741935,-7.2258064516129
2003-04-01,4.67333333333333,8.80333333333333,0.803333333333333
2003-05-01,15.5354838709677,21.2032258064516,9.55161290322581
2003-06-01,12.82,16.9166666666667,9.12
2003-07-01,20.641935483871,25.8612903225806,15.3258064516129
2003-08-01,16.9483870967742,21.3258064516129,13.0032258064516
2003-09-01,11.3333333333333,16.5766666666667,6.96666666666667
2003-10-01,5.56774193548387,8.46451612903226,2.9741935483871
2003-11-01,1.14666666666667,2.93666666666667,-0.146666666666667
2003-12-01,-2.06129032258064,-0.112903225806452,-4.03225806451613
2004-01-01,-6.45806451612903,-4.18709677419355,-8.76774193548387
2004-02-01,-7.00689655172414,-3.89310344827586,-9.51724137931034
2004-03-01,1.34516129032258,4.51612903225806,-1.51935483870968
2004-04-01,4.55666666666667,9.26,0.123333333333333
2004-05-01,11.4129032258065,16.6193548387097,5.75161290322581
2004-06-01,15.2833333333333,20.1833333333333,10.76
2004-07-01,19.0225806451613,23.8935483870968,14.8741935483871
2004-08-01,18.3838709677419,23.6258064516129,13.6451612903226
2004-09-01,12.1333333333333,16.6166666666667,8.11666666666667
2004-10-01,5.93548387096774,8.63870967741935,3.66451612903226
2004-11-01,-1.56,0.673333333333333,-3.62
2004-12-01,-2.93548387096774,-0.725806451612903,-5.30967741935484
2005-01-01,-3,-1.08064516129032,-4.83548387096774
2005-02-01,-8.90357142857143,-5.73928571428571,-11.6821428571429
2005-03-01,-6.02903225806452,-2.40645161290323,-9.53548387096774
2005-04-01,7.11666666666667,12.18,2.28333333333333
2005-05-01,14.8322580645161,20.0064516129032,10.0548387096774
2005-06-01,16.5066666666667,21.22,12.0166666666667
2005-07-01,19.3096774193548,24.5677419354839,14.5032258064516
2005-08-01,17.6387096774193,23.2677419354839,12.2258064516129
2005-09-01,13.1233333333333,17.9933333333333,8.76666666666667
2005-10-01,6.02258064516129,10.7806451612903,1.92903225806452
2005-11-01,1.37,4.05666666666667,-0.896666666666667
2005-12-01,-4.14838709677419,-2.2741935483871,-5.95161290322581
2006-01-01,-10.7870967741935,-8.24193548387097,-13.6258064516129
2006-02-01,-13.3071428571429,-9.65714285714286,-16.6178571428571
2006-03-01,-3.71935483870968,0.593548387096774,-7.98064516129032
2006-04-01,6.02,10.31,1.46
2006-05-01,12.4322580645161,17.8967741935484,6.56451612903226
2006-06-01,18.2033333333333,23.6666666666667,12.7066666666667
2006-07-01,17.9774193548387,23.2225806451613,12.9096774193548
2006-08-01,17.5354838709677,21.8225806451613,13.8193548387097
2006-09-01,13.3033333333333,18.1566666666667,9.28
2006-10-01,7.00322580645161,9.47096774193549,4.68709677419355
2006-11-01,0.693333333333333,2.08333333333333,-0.703333333333334
2006-12-01,1.18064516129032,3.09354838709677,-0.645161290322581
2007-01-01,-1.60322580645161,0.641935483870967,-3.65483870967742
2007-02-01,-11.0142857142857,-7.27142857142857,-14.8178571428571
2007-03-01,4.3741935483871,8.28709677419355,0.712903225806451
2007-04-01,5.85333333333333,10.4266666666667,1.36666666666667
2007-05-01,15.8741935483871,21.4129032258065,9.73225806451613
2007-06-01,17.42,22.6533333333333,11.7866666666667
2007-07-01,18.9161290322581,23.741935483871,14.2741935483871
2007-08-01,20.1838709677419,25.7225806451613,14.7354838709677
2007-09-01,11.8266666666667,17.39,7.15333333333333
2007-10-01,6.97741935483871,9.72580645161291,4.37096774193548
2007-11-01,-1.97,-0.0633333333333332,-3.86
2007-12-01,-1.98709677419355,-0.425806451612903,-3.50645161290323
2008-01-01,-5.84516129032258,-3.65806451612903,-7.97741935483871
2008-02-01,-1.47931034482759,0.593103448275862,-3.71379310344828
2008-03-01,1.83548387096774,4.85483870967742,-0.932258064516129
2008-04-01,9.45,14.7466666666667,3.87333333333333
2008-05-01,11.3032258064516,16.3032258064516,5.93870967741935
2008-06-01,15.6433333333333,20.68,10.7633333333333
2008-07-01,19.1322580645161,23.9967741935484,14.5870967741935
2008-08-01,17.4548387096774,22.0387096774193,13.4903225806452
2008-09-01,10.9033333333333,14.8333333333333,7.20666666666667
2008-10-01,8.93548387096774,11.8677419354839,6.20967741935484
2008-11-01,2.31666666666667,4.60333333333333,0.00999999999999998
2008-12-01,-1.75483870967742,-0.180645161290323,-3.24838709677419
2009-01-01,-5.59354838709677,-3.48387096774193,-8.06129032258065
2009-02-01,-5.41071428571428,-2.76071428571429,-8.03571428571429
2009-03-01,-0.593548387096774,2.42258064516129,-3.36451612903226
2009-04-01,5.14,10.0733333333333,-0.0166666666666667
2009-05-01,13.6225806451613,19.0322580645161,7.79677419354839
2009-06-01,17.31,22.2066666666667,12.53
2009-07-01,18.8096774193548,23.7548387096774,13.8645161290323
2009-08-01,15.6516129032258,20.1935483870968,11.7032258064516
2009-09-01,13.7866666666667,18.4966666666667,9.79333333333333
2009-10-01,5.76451612903226,8.99032258064516,3.05483870967742
2009-11-01,2.22666666666667,3.55333333333333,0.923333333333333
2009-12-01,-6.52258064516129,-3.59677419354839,-9.13548387096774
2010-01-01,-14.5064516129032,-11.2451612903226,-17.9
2010-02-01,-8.43214285714286,-5.51071428571429,-11.2535714285714
2010-03-01,-1.11290322580645,2.51935483870968,-4.77096774193549
2010-04-01,8.31,13.68,3.10333333333333
2010-05-01,16.7129032258065,22.141935483871,11.4322580645161
2010-06-01,18.7566666666667,23.97,13.2566666666667
2010-07-01,26.041935483871,32.0161290322581,19.4096774193548
2010-08-01,21.7516129032258,27.4645161290323,16.4903225806452
2010-09-01,11.72,16.5366666666667,7.43333333333334
2010-10-01,3.8258064516129,7.40645161290323,0.506451612903226
2010-11-01,2.73666666666667,4.89666666666667,0.626666666666666
2010-12-01,-7.63870967741935,-5.34516129032258,-10
2011-01-01,-7.48709677419355,-5.20967741935484,-10.0451612903226
2011-02-01,-10.9964285714286,-8.41071428571428,-13.9107142857143
2011-03-01,-2.0258064516129,1.45161290322581,-5.39677419354839
2011-04-01,6.41333333333333,10.8,2.26
2011-05-01,14.5935483870968,20.0838709677419,8.72258064516129
2011-06-01,19.05,24.2633333333333,13.32
2011-07-01,23.4,29.0806451612903,17.8258064516129
2011-08-01,18.6967741935484,24.4129032258064,13.5677419354839
2011-09-01,12.07,15.5833333333333,9.12333333333333
2011-10-01,6.62903225806452,9.20322580645161,4.4258064516129
2011-11-01,0.226666666666667,2.01333333333333,-1.78666666666667
2011-12-01,-0.154838709677419,1.41612903225806,-1.73870967741935
2012-01-01,-6.82258064516129,-4.53548387096774,-8.85161290322581
2012-02-01,-11.6793103448276,-8.61379310344828,-14.8034482758621
2012-03-01,-3.14516129032258,0.0354838709677417,-6.39354838709678
2012-04-01,8.17,13.02,3.68333333333333
2012-05-01,15.0935483870968,20.9387096774194,9.43870967741935
2012-06-01,17.0666666666667,22.0266666666667,12.1866666666667
2012-07-01,20.9096774193548,26.1451612903226,15.5741935483871
2012-08-01,17.7354838709677,22.6096774193548,13.4677419354839
2012-09-01,12.87,17.5433333333333,8.67
2012-10-01,6.5258064516129,9.27096774193548,3.90322580645161
2012-11-01,1.56,3.39333333333333,-0.273333333333333
2012-12-01,-8.61290322580645,-6.14516129032258,-11.1387096774194
2013-01-01,-8.50645161290323,-6.52258064516129,-10.7774193548387
2013-02-01,-3.49285714285714,-0.882142857142857,-6.325
2013-03-01,-6.55483870967742,-2.23870967741935,-10.9064516129032
2013-04-01,6.09666666666667,10.6366666666667,1.38666666666667
2013-05-01,16.9,22.3096774193548,11.5516129032258
2013-06-01,19.8266666666667,25.3733333333333,14.1966666666667
2013-07-01,18.8483870967742,23.6483870967742,14.541935483871
2013-08-01,18.2516129032258,23.8290322580645,13.4322580645161
2013-09-01,10.205,12.7966666666667,8.22666666666667
2013-10-01,6.51612903225806,9.49354838709678,3.5
2013-11-01,3.92,6.07666666666667,1.87
2013-12-01,-1.71290322580645,0.0967741935483872,-4.04838709677419
2014-01-01,-8.65161290322581,-5.83548387096774,-11.1354838709677
2014-02-01,-1.8,-3.345,-4.38035714285714
2014-03-01,2.75806451612903,8.16161290322581,-1.32956989247312
2014-04-01,6.99,10.7716666666667,0.962222222222222
2014-05-01,15.9903225806452,22.6745967741935,9.88387096774194
2014-06-01,16.1366666666667,21.6415833333333,10.8566666666667
2014-07-01,20.7136363636364,19.9860606060606,13.6992424242424
2014-08-01,18.83,21.9726666666667,13.5433333333333
2014-09-01,12.8739130434783,19.7333333333333,7.77536231884058
2014-10-01,3.64666666666667,13.4983006535948,-0.323333333333333
2014-11-01,-1.37333333333333,1.535,-3.63666666666667
2014-12-01,-3.60645161290323,0.806618464961068,-6.04354838709677
