Time,Signal
12-Sep-2018 12:52:00,0.7376671395461
12-Sep-2018 12:52:00,2.0429849402786
12-Sep-2018 12:52:00,-2.04064745553115
12-Sep-2018 12:52:00,1.08947131386236
12-Sep-2018 12:52:00,0.555160483778756
12-Sep-2018 12:52:00,-1.06219758531964
12-Sep-2018 12:52:00,-0.179008073289921
12-Sep-2018 12:52:00,0.606298978981957
12-Sep-2018 12:52:00,3.85115889555824
12-Sep-2018 12:52:00,3.05128286378526
12-Sep-2018 12:52:01,-1.05896123861773
12-Sep-2018 12:52:01,3.33492458016788
12-Sep-2018 12:52:01,1.03447585104479
12-Sep-2018 12:52:01,0.255081920683832
12-Sep-2018 12:52:01,1.04193907679513
12-Sep-2018 12:52:01,0.131283261177773
12-Sep-2018 12:52:01,0.221151441580359
12-Sep-2018 12:52:01,1.84403274843663
12-Sep-2018 12:52:01,1.77240141891513
12-Sep-2018 12:52:01,1.7895831260609
12-Sep-2018 12:52:02,1.05290318264559
12-Sep-2018 12:52:02,-0.81707442610142
12-Sep-2018 12:52:02,1.11664826528433
12-Sep-2018 12:52:02,2.03863224946091
12-Sep-2018 12:52:02,0.906267865539305
12-Sep-2018 12:52:02,1.46103358878953
12-Sep-2018 12:52:02,1.16218110525599
12-Sep-2018 12:52:02,0.140798910632279
12-Sep-2018 12:52:02,0.747043198357423
12-Sep-2018 12:52:02,-0.325191582019577
12-Sep-2018 12:52:03,1.35939350155757
12-Sep-2018 12:52:03,-0.66717886794975
12-Sep-2018 12:52:03,-0.58009956454387
12-Sep-2018 12:52:03,-0.311862295911963
12-Sep-2018 12:52:03,-2.43779684271721
12-Sep-2018 12:52:03,1.95370351504024
12-Sep-2018 12:52:03,0.849334213853998
12-Sep-2018 12:52:03,-0.221980075574437
12-Sep-2018 12:52:03,1.91203503849064
12-Sep-2018 12:52:03,-1.16100841067818
12-Sep-2018 12:52:04,0.457019897047857
12-Sep-2018 12:52:04,0.326552032700891
12-Sep-2018 12:52:04,0.895924512767641
12-Sep-2018 12:52:04,0.898276610437925
12-Sep-2018 12:52:04,-0.270780548731162
12-Sep-2018 12:52:04,0.572710116399615
12-Sep-2018 12:52:04,0.446524702160803
12-Sep-2018 12:52:04,1.24773315897249
12-Sep-2018 12:52:04,1.72189310937352
12-Sep-2018 12:52:04,1.74648130417988
12-Sep-2018 12:52:05,-0.217885672296628
12-Sep-2018 12:52:05,0.731663541447973
12-Sep-2018 12:52:05,-0.551297553499567
12-Sep-2018 12:52:05,-0.442188889635041
12-Sep-2018 12:52:05,0.672931791297817
12-Sep-2018 12:52:05,2.2208571860565
12-Sep-2018 12:52:05,-0.0730172006306682
12-Sep-2018 12:52:05,1.07642502554676
12-Sep-2018 12:52:05,0.487834563015766
12-Sep-2018 12:52:05,1.83912269917523
12-Sep-2018 12:52:06,-0.358975706074795
12-Sep-2018 12:52:06,0.770942107524297
12-Sep-2018 12:52:06,1.29918133811363
12-Sep-2018 12:52:06,1.85550742257219
12-Sep-2018 12:52:06,2.3073247980332
12-Sep-2018 12:52:06,0.857232141123035
12-Sep-2018 12:52:06,-0.712129190906718
12-Sep-2018 12:52:06,0.0452910007753904
12-Sep-2018 12:52:06,-0.26588596891188
12-Sep-2018 12:52:06,3.15422672580974
12-Sep-2018 12:52:07,0.196211773155611
12-Sep-2018 12:52:07,1.56790461239463
12-Sep-2018 12:52:07,0.635393120730942
12-Sep-2018 12:52:07,1.72437509672416
12-Sep-2018 12:52:07,0.0788373223781136
12-Sep-2018 12:52:07,-0.550692063262821
12-Sep-2018 12:52:07,-0.562940599023638
12-Sep-2018 12:52:07,1.35545534372068
12-Sep-2018 12:52:07,0.697679689358053
12-Sep-2018 12:52:07,0.686761692733294
12-Sep-2018 12:52:08,2.3098522079397
12-Sep-2018 12:52:08,1.18981947161521
12-Sep-2018 12:52:08,1.10370497804919
12-Sep-2018 12:52:08,2.50121725285162
12-Sep-2018 12:52:08,0.116641482573531
12-Sep-2018 12:52:08,1.62528579669797
12-Sep-2018 12:52:08,1.77126778358447
12-Sep-2018 12:52:08,0.699946643143247
12-Sep-2018 12:52:08,1.16677759565576
12-Sep-2018 12:52:08,-0.207327500616895
12-Sep-2018 12:52:09,-0.182064593573644
12-Sep-2018 12:52:09,1.0780971274334
12-Sep-2018 12:52:09,1.70277278199041
12-Sep-2018 12:52:09,3.57326809546759
12-Sep-2018 12:52:09,0.328105664328221
12-Sep-2018 12:52:09,1.18950789712545
12-Sep-2018 12:52:09,0.92682367818621
12-Sep-2018 12:52:09,-0.916603239708311
12-Sep-2018 12:52:09,0.584515094392535
12-Sep-2018 12:52:09,-0.764176373359587
12-Sep-2018 12:52:10,1.8778585231629
12-Sep-2018 12:52:10,0.156390399894339
12-Sep-2018 12:52:10,1.15141342764435
12-Sep-2018 12:52:10,0.513648062257358
12-Sep-2018 12:52:10,1.36851213413923
12-Sep-2018 12:52:10,0.471436740195541
12-Sep-2018 12:52:10,1.56845787011524
12-Sep-2018 12:52:10,1.82454187319865
12-Sep-2018 12:52:10,2.80370935964699
12-Sep-2018 12:52:10,0.904297168899621
12-Sep-2018 12:52:11,-1.03337945922437
12-Sep-2018 12:52:11,0.271897824802998
12-Sep-2018 12:52:11,2.47254699940864
12-Sep-2018 12:52:11,0.0522185027868983
12-Sep-2018 12:52:11,2.09170348654805
12-Sep-2018 12:52:11,1.26112963590202
12-Sep-2018 12:52:11,2.58006076098464
12-Sep-2018 12:52:11,-0.811297783386477
12-Sep-2018 12:52:11,0.958095537398674
12-Sep-2018 12:52:11,-0.0459070081958741
12-Sep-2018 12:52:12,4.07604408669148
12-Sep-2018 12:52:12,1.99930509551575
12-Sep-2018 12:52:12,2.55906059450004
12-Sep-2018 12:52:12,0.127862749746126
12-Sep-2018 12:52:12,0.723333501872834
12-Sep-2018 12:52:12,0.925337143656648
12-Sep-2018 12:52:12,2.30203974840739
12-Sep-2018 12:52:12,0.931502598402465
12-Sep-2018 12:52:12,1.91662593087466
12-Sep-2018 12:52:12,-0.831071624614566
12-Sep-2018 12:52:13,0.872504863822502
12-Sep-2018 12:52:13,0.408328231557574
12-Sep-2018 12:52:13,-0.339632934583895
12-Sep-2018 12:52:13,1.75085723704938
12-Sep-2018 12:52:13,1.53027404670406
12-Sep-2018 12:52:13,1.2871258961686
12-Sep-2018 12:52:13,-0.0747275270571718
12-Sep-2018 12:52:13,2.39169520880078
12-Sep-2018 12:52:13,1.6195827094201
12-Sep-2018 12:52:13,0.975485236293724
12-Sep-2018 12:52:14,1.30253637439119
12-Sep-2018 12:52:14,1.02269355921984
12-Sep-2018 12:52:14,-0.460534111258166
12-Sep-2018 12:52:14,1.0089631545794
12-Sep-2018 12:52:14,0.468129847720052
12-Sep-2018 12:52:14,0.325118412131702
12-Sep-2018 12:52:14,0.152697307956138
12-Sep-2018 12:52:14,0.780261754997984
12-Sep-2018 12:52:14,-0.684151547776753
12-Sep-2018 12:52:14,2.28732412902884
12-Sep-2018 12:52:15,1.84771029472768
12-Sep-2018 12:52:15,1.31212257387084
12-Sep-2018 12:52:15,1.30182409658173
12-Sep-2018 12:52:15,0.542820662206374
12-Sep-2018 12:52:15,2.36400268505959
12-Sep-2018 12:52:15,1.2163769592602
12-Sep-2018 12:52:15,0.639284980920201
12-Sep-2018 12:52:15,2.70936508236221
12-Sep-2018 12:52:15,1.13731568635648
12-Sep-2018 12:52:15,0.777108198143903
12-Sep-2018 12:52:16,1.07637697709404
12-Sep-2018 12:52:16,0.526140340992231
12-Sep-2018 12:52:16,0.25781676415941
12-Sep-2018 12:52:16,3.9077655192219
12-Sep-2018 12:52:16,3.04102627540232
12-Sep-2018 12:52:16,1.69676860649636
12-Sep-2018 12:52:16,0.135761580448223
12-Sep-2018 12:52:16,0.530999950909266
12-Sep-2018 12:52:16,1.22346328220471
12-Sep-2018 12:52:16,2.19488407340457
12-Sep-2018 12:52:17,0.0748752361086696
12-Sep-2018 12:52:17,-0.919634989594913
12-Sep-2018 12:52:17,-0.0355719189763263
12-Sep-2018 12:52:17,1.75026995207995
12-Sep-2018 12:52:17,1.81128684764541
12-Sep-2018 12:52:17,1.87472700985427
12-Sep-2018 12:52:17,1.2958173564066
12-Sep-2018 12:52:17,1.6127854452874
12-Sep-2018 12:52:17,0.955877447204318
12-Sep-2018 12:52:17,2.29692582053203
12-Sep-2018 12:52:18,0.0760229731969163
12-Sep-2018 12:52:18,1.89549958769745
12-Sep-2018 12:52:18,0.594452455721574
12-Sep-2018 12:52:18,1.11090578641209
12-Sep-2018 12:52:18,2.00114591744731
12-Sep-2018 12:52:18,2.48996190161811
12-Sep-2018 12:52:18,0.335679949017455
12-Sep-2018 12:52:18,2.71636331321086
12-Sep-2018 12:52:18,2.11817218766989
12-Sep-2018 12:52:18,1.39242629244159
12-Sep-2018 12:52:19,1.2672716933986
12-Sep-2018 12:52:19,1.24702572456818
12-Sep-2018 12:52:19,1.16360167005501
12-Sep-2018 12:52:19,1.4917700640254
12-Sep-2018 12:52:19,1.52196777639893
12-Sep-2018 12:52:19,2.29863092877224
12-Sep-2018 12:52:19,3.00137318772034
12-Sep-2018 12:52:19,1.94307685392443
12-Sep-2018 12:52:19,1.26815246540059
12-Sep-2018 12:52:19,2.10469693125785
12-Sep-2018 12:52:20,1.66431191198644
12-Sep-2018 12:52:20,0.45283240734167
12-Sep-2018 12:52:20,2.43327423682164
12-Sep-2018 12:52:20,1.79250386130868
12-Sep-2018 12:52:20,1.62194343433483
12-Sep-2018 12:52:20,2.00327832643495
12-Sep-2018 12:52:20,1.75063870033038
12-Sep-2018 12:52:20,0.548883818555972
12-Sep-2018 12:52:20,1.32910590209228
12-Sep-2018 12:52:20,1.34639964547251
12-Sep-2018 12:52:21,0.961390277902035
12-Sep-2018 12:52:21,3.17638924785856
12-Sep-2018 12:52:21,NaN
12-Sep-2018 12:52:21,NaN
12-Sep-2018 12:52:21,NaN
12-Sep-2018 12:52:21,NaN
12-Sep-2018 12:52:21,NaN
12-Sep-2018 12:52:21,NaN
12-Sep-2018 12:52:21,NaN
12-Sep-2018 12:52:21,NaN
12-Sep-2018 12:52:22,0.435170166897796
12-Sep-2018 12:52:22,3.10308924312879
12-Sep-2018 12:52:22,2.73449577541588
12-Sep-2018 12:52:22,1.27031117032355
12-Sep-2018 12:52:22,-0.00616478661471048
12-Sep-2018 12:52:22,1.05536069750546
12-Sep-2018 12:52:22,1.34397737563803
12-Sep-2018 12:52:22,1.77585286696263
12-Sep-2018 12:52:22,1.23842347973693
12-Sep-2018 12:52:22,1.9427478713907
12-Sep-2018 12:52:23,1.89089533418026
12-Sep-2018 12:52:23,0.247933733387397
12-Sep-2018 12:52:23,0.550199601588828
12-Sep-2018 12:52:23,0.756538704080373
12-Sep-2018 12:52:23,0.989247937507668
12-Sep-2018 12:52:23,1.17584711500128
12-Sep-2018 12:52:23,1.50818527232975
12-Sep-2018 12:52:23,-1.53423099090547
12-Sep-2018 12:52:23,1.03709837704556
12-Sep-2018 12:52:23,2.7356646804474
12-Sep-2018 12:52:24,0.425554763872749
12-Sep-2018 12:52:24,2.42496089403616
12-Sep-2018 12:52:24,1.84046703108296
12-Sep-2018 12:52:24,1.45999034748274
12-Sep-2018 12:52:24,1.67023519961052
12-Sep-2018 12:52:24,-0.0785491622440201
12-Sep-2018 12:52:24,1.40062815331281
12-Sep-2018 12:52:24,3.08771179200036
12-Sep-2018 12:52:24,1.58064812005476
12-Sep-2018 12:52:24,1.52214603046109
12-Sep-2018 12:52:25,0.745012618239379
12-Sep-2018 12:52:25,1.44671463523957
12-Sep-2018 12:52:25,1.70815941355786
12-Sep-2018 12:52:25,1.90042147947143
12-Sep-2018 12:52:25,1.09938427406083
12-Sep-2018 12:52:25,1.23383518854576
12-Sep-2018 12:52:25,3.49201517147993
12-Sep-2018 12:52:25,-0.792057320681571
12-Sep-2018 12:52:25,3.69365264692679
12-Sep-2018 12:52:25,1.79961903784985
12-Sep-2018 12:52:26,2.45990268713372
12-Sep-2018 12:52:26,-0.206597809134056
12-Sep-2018 12:52:26,0.865195279441186
12-Sep-2018 12:52:26,1.17476735166331
12-Sep-2018 12:52:26,1.87308748993773
12-Sep-2018 12:52:26,-0.222349883812552
12-Sep-2018 12:52:26,1.91690301133468
12-Sep-2018 12:52:26,0.229778338207966
12-Sep-2018 12:52:26,1.50611155086836
12-Sep-2018 12:52:26,2.08951259976091
12-Sep-2018 12:52:27,1.76139126650111
12-Sep-2018 12:52:27,2.51407890979856
12-Sep-2018 12:52:27,2.43457628204016
12-Sep-2018 12:52:27,0.774585004069064
12-Sep-2018 12:52:27,1.67948241864741
12-Sep-2018 12:52:27,0.474922076713628
12-Sep-2018 12:52:27,0.0943252381793794
12-Sep-2018 12:52:27,2.33769398018885
12-Sep-2018 12:52:27,1.40961275260198
12-Sep-2018 12:52:27,1.35127957740865
12-Sep-2018 12:52:28,2.31390224267848
12-Sep-2018 12:52:28,1.99387622370701
12-Sep-2018 12:52:28,1.745952484352
12-Sep-2018 12:52:28,2.64240273138701
12-Sep-2018 12:52:28,2.31828273905915
12-Sep-2018 12:52:28,1.62454007904649
12-Sep-2018 12:52:28,0.690641206535937
12-Sep-2018 12:52:28,0.72561628667926
12-Sep-2018 12:52:28,2.56538173665223
12-Sep-2018 12:52:28,-0.242498075344123
12-Sep-2018 12:52:29,1.34086552686111
12-Sep-2018 12:52:29,-0.587581664051082
12-Sep-2018 12:52:29,2.37764467487348
12-Sep-2018 12:52:29,2.21468741043242
12-Sep-2018 12:52:29,1.34990114378709
12-Sep-2018 12:52:29,1.27361351142356
12-Sep-2018 12:52:29,-1.1461776096953
12-Sep-2018 12:52:29,1.91687835512672
12-Sep-2018 12:52:29,-0.861184815440647
12-Sep-2018 12:52:29,-0.992541561072359
12-Sep-2018 12:52:30,1.40210588694198
12-Sep-2018 12:52:30,0.369069637933496
12-Sep-2018 12:52:30,1.72436492803099
12-Sep-2018 12:52:30,1.9851212667769
12-Sep-2018 12:52:30,2.16109086197561
12-Sep-2018 12:52:30,0.607359982727893
12-Sep-2018 12:52:30,1.74300369540186
12-Sep-2018 12:52:30,1.38931279921549
12-Sep-2018 12:52:30,2.10974947896056
12-Sep-2018 12:52:30,1.81478349192907
12-Sep-2018 12:52:31,2.17140891702237
12-Sep-2018 12:52:31,1.13642409985758
12-Sep-2018 12:52:31,1.11594963885311
12-Sep-2018 12:52:31,2.26566153334109
12-Sep-2018 12:52:31,-0.871082137655437
12-Sep-2018 12:52:31,0.742620540088658
12-Sep-2018 12:52:31,-0.0288051962944433
12-Sep-2018 12:52:31,0.853735711253139
12-Sep-2018 12:52:31,1.87948025695815
12-Sep-2018 12:52:31,2.05095811605751
12-Sep-2018 12:52:32,0.204667059929608
12-Sep-2018 12:52:32,0.742870565000147
12-Sep-2018 12:52:32,1.3452454440064
12-Sep-2018 12:52:32,0.910587883709613
12-Sep-2018 12:52:32,1.49845138439989
12-Sep-2018 12:52:32,1.59069650696116
12-Sep-2018 12:52:32,0.254888192617311
12-Sep-2018 12:52:32,1.00205541573951
12-Sep-2018 12:52:32,-0.959220952584029
12-Sep-2018 12:52:32,2.31217565139071
12-Sep-2018 12:52:33,0.531616100483157
12-Sep-2018 12:52:33,-0.049297266363824
12-Sep-2018 12:52:33,0.89440709748498
12-Sep-2018 12:52:33,-0.286542479502422
12-Sep-2018 12:52:33,1.11495320872359
12-Sep-2018 12:52:33,0.568806416649256
12-Sep-2018 12:52:33,3.30086516520058
12-Sep-2018 12:52:33,2.25512165513335
12-Sep-2018 12:52:33,-1.38670533956714
12-Sep-2018 12:52:33,1.54498839246368
12-Sep-2018 12:52:34,-0.301040397187057
12-Sep-2018 12:52:34,0.835434359034193
12-Sep-2018 12:52:34,1.24824203871547
12-Sep-2018 12:52:34,1.82487711280315
12-Sep-2018 12:52:34,0.797358273354793
12-Sep-2018 12:52:34,2.63992485838468
12-Sep-2018 12:52:34,0.575864731702586
12-Sep-2018 12:52:34,1.37744919283308
12-Sep-2018 12:52:34,1.70776473440649
12-Sep-2018 12:52:34,NaN
12-Sep-2018 12:52:35,NaN
12-Sep-2018 12:52:35,NaN
12-Sep-2018 12:52:35,NaN
12-Sep-2018 12:52:35,NaN
12-Sep-2018 12:52:35,NaN
12-Sep-2018 12:52:35,NaN
12-Sep-2018 12:52:35,NaN
12-Sep-2018 12:52:35,NaN
12-Sep-2018 12:52:35,NaN
12-Sep-2018 12:52:35,NaN
12-Sep-2018 12:52:36,NaN
12-Sep-2018 12:52:36,NaN
12-Sep-2018 12:52:36,NaN
12-Sep-2018 12:52:36,NaN
12-Sep-2018 12:52:36,NaN
12-Sep-2018 12:52:36,1.2282075847174
12-Sep-2018 12:52:36,0.678128067530265
12-Sep-2018 12:52:36,-0.152615858685086
12-Sep-2018 12:52:36,0.612550196917963
12-Sep-2018 12:52:36,0.802300995626873
12-Sep-2018 12:52:37,-0.588137430292899
12-Sep-2018 12:52:37,1.06567287368327
12-Sep-2018 12:52:37,0.0433973362352718
12-Sep-2018 12:52:37,0.763617389571869
12-Sep-2018 12:52:37,1.1862064485827
12-Sep-2018 12:52:37,-0.0625576710537217
12-Sep-2018 12:52:37,0.545911844957521
12-Sep-2018 12:52:37,1.17627170755228
12-Sep-2018 12:52:37,-1.01764013274457
12-Sep-2018 12:52:37,1.84617468513906
12-Sep-2018 12:52:38,3.22660978934881
12-Sep-2018 12:52:38,1.7534695161702
12-Sep-2018 12:52:38,0.470188264843117
12-Sep-2018 12:52:38,1.20644548086673
12-Sep-2018 12:52:38,-0.26632774955288
12-Sep-2018 12:52:38,2.63932880432911
12-Sep-2018 12:52:38,1.69394655046661
12-Sep-2018 12:52:38,1.53233962157643
12-Sep-2018 12:52:38,-0.13915543037797
12-Sep-2018 12:52:38,1.04836665678319
12-Sep-2018 12:52:39,0.161796036019241
12-Sep-2018 12:52:39,0.400308216470875
12-Sep-2018 12:52:39,0.133349957481483
12-Sep-2018 12:52:39,-0.330776166932262
12-Sep-2018 12:52:39,-0.222214816421047
12-Sep-2018 12:52:39,0.468182918244108
12-Sep-2018 12:52:39,-1.0292577758632
12-Sep-2018 12:52:39,1.26870992955007
12-Sep-2018 12:52:39,0.534791515564516
12-Sep-2018 12:52:39,1.34320841279526
12-Sep-2018 12:52:40,0.905133236919274
12-Sep-2018 12:52:40,1.12118682797564
12-Sep-2018 12:52:40,-0.864826990529562
12-Sep-2018 12:52:40,-0.410596590630392
12-Sep-2018 12:52:40,0.154026473734291
12-Sep-2018 12:52:40,0.702014115260165
12-Sep-2018 12:52:40,1.71240679007242
12-Sep-2018 12:52:40,0.285003311585885
12-Sep-2018 12:52:40,1.8277947115926
12-Sep-2018 12:52:40,1.03292850034185
12-Sep-2018 12:52:41,1.72286261770222
12-Sep-2018 12:52:41,0.666918023348404
12-Sep-2018 12:52:41,-0.125636543055856
12-Sep-2018 12:52:41,-0.959027482822731
12-Sep-2018 12:52:41,0.669036991380417
12-Sep-2018 12:52:41,1.32326040692896
12-Sep-2018 12:52:41,0.203267019823078
12-Sep-2018 12:52:41,-0.0537996504247239
12-Sep-2018 12:52:41,0.169462503895904
12-Sep-2018 12:52:41,-0.627385056293237
12-Sep-2018 12:52:42,-0.0327108351781495
12-Sep-2018 12:52:42,0.270637604031384
12-Sep-2018 12:52:42,0.488283729047482
12-Sep-2018 12:52:42,0.369713286558765
12-Sep-2018 12:52:42,1.03587394261645
12-Sep-2018 12:52:42,0.524887781942449
12-Sep-2018 12:52:42,2.22060631517313
12-Sep-2018 12:52:42,0.70962534703616
12-Sep-2018 12:52:42,2.19309626181032
12-Sep-2018 12:52:42,-0.343527259589307
12-Sep-2018 12:52:43,0.897124187544798
12-Sep-2018 12:52:43,0.10130085965704
12-Sep-2018 12:52:43,0.952660885737681
12-Sep-2018 12:52:43,0.937408354773746
12-Sep-2018 12:52:43,-1.85159190179899
12-Sep-2018 12:52:43,-1.00166787377573
12-Sep-2018 12:52:43,-1.12469890046247
12-Sep-2018 12:52:43,0.709092916251255
12-Sep-2018 12:52:43,1.76837816694387
12-Sep-2018 12:52:43,-0.0377136864544121
12-Sep-2018 12:52:44,1.09234283729968
12-Sep-2018 12:52:44,0.816475305556606
12-Sep-2018 12:52:44,-0.789785213929462
12-Sep-2018 12:52:44,0.650222954452282
12-Sep-2018 12:52:44,-0.50823250199075
12-Sep-2018 12:52:44,1.7508332719304
12-Sep-2018 12:52:44,0.192902310937801
12-Sep-2018 12:52:44,1.85236967429132
12-Sep-2018 12:52:44,-0.217788078843821
12-Sep-2018 12:52:44,0.787603816988893
12-Sep-2018 12:52:45,0.126279352704381
12-Sep-2018 12:52:45,-1.84198768793758
12-Sep-2018 12:52:45,-0.811258638568205
12-Sep-2018 12:52:45,0.774287257697125
12-Sep-2018 12:52:45,0.0977947748311652
12-Sep-2018 12:52:45,-0.97514383371702
12-Sep-2018 12:52:45,-0.491880342047125
12-Sep-2018 12:52:45,0.374929175042367
12-Sep-2018 12:52:45,-0.876690679585684
12-Sep-2018 12:52:45,1.08219954415481
12-Sep-2018 12:52:46,-0.542534650238182
12-Sep-2018 12:52:46,1.89796800356316
12-Sep-2018 12:52:46,-0.999824907324841
12-Sep-2018 12:52:46,0.270172625809501
12-Sep-2018 12:52:46,-1.45909521991619
12-Sep-2018 12:52:46,-0.670744857981153
12-Sep-2018 12:52:46,-0.549401913704263
12-Sep-2018 12:52:46,0.436154526521055
12-Sep-2018 12:52:46,0.967929385210712
12-Sep-2018 12:52:46,0.317268448798926
12-Sep-2018 12:52:47,-0.365292784576619
12-Sep-2018 12:52:47,0.814271193843784
12-Sep-2018 12:52:47,0.78868434921304
12-Sep-2018 12:52:47,0.101027610205165
12-Sep-2018 12:52:47,0.543105668817832
12-Sep-2018 12:52:47,0.375700939179731
12-Sep-2018 12:52:47,-1.03299844710715
12-Sep-2018 12:52:47,0.704602325277578
12-Sep-2018 12:52:47,-0.721084243334112
12-Sep-2018 12:52:47,-0.676705438999019
12-Sep-2018 12:52:48,0.0952692178258172
12-Sep-2018 12:52:48,-0.398057919100827
12-Sep-2018 12:52:48,-0.231237409778575
12-Sep-2018 12:52:48,0.487092680772694
12-Sep-2018 12:52:48,0.92973495986808
12-Sep-2018 12:52:48,-0.323873750644785
12-Sep-2018 12:52:48,0.19296172205404
12-Sep-2018 12:52:48,-0.381802869224432
12-Sep-2018 12:52:48,0.0773274373022155
12-Sep-2018 12:52:48,0.278977618753988
12-Sep-2018 12:52:49,-0.786619355186629
12-Sep-2018 12:52:49,0.0963683382294123
12-Sep-2018 12:52:49,0.413937106279449
12-Sep-2018 12:52:49,-0.103534481452558
12-Sep-2018 12:52:49,1.52534084857817
12-Sep-2018 12:52:49,-0.821696277589514
12-Sep-2018 12:52:49,-0.958816650685853
12-Sep-2018 12:52:49,-1.98023356550984
12-Sep-2018 12:52:49,0.671552027663318
12-Sep-2018 12:52:49,0.619597215611178
12-Sep-2018 12:52:50,-0.335911035054544
12-Sep-2018 12:52:50,0.633947279520639
12-Sep-2018 12:52:50,-0.0893130388114112
12-Sep-2018 12:52:50,0.00930909864762702
12-Sep-2018 12:52:50,-0.176977301075502
12-Sep-2018 12:52:50,0.141613194997021
12-Sep-2018 12:52:50,-0.205069107442953
12-Sep-2018 12:52:50,2.47223594914688
12-Sep-2018 12:52:50,-1.49010679662286
12-Sep-2018 12:52:50,-2.18605768833775
12-Sep-2018 12:52:51,-1.48073053347225
12-Sep-2018 12:52:51,-1.44165716588479
12-Sep-2018 12:52:51,-0.790160459700509
12-Sep-2018 12:52:51,-0.533231224185992
12-Sep-2018 12:52:51,-0.591477415429032
12-Sep-2018 12:52:51,0.160236144959295
12-Sep-2018 12:52:51,4.19514255319831e-05
12-Sep-2018 12:52:51,0.353907642483425
12-Sep-2018 12:52:51,1.37286673592518
12-Sep-2018 12:52:51,0.809635231154934
12-Sep-2018 12:52:52,-1.70469152458071
12-Sep-2018 12:52:52,-2.75836758544512
12-Sep-2018 12:52:52,0.464571589718558
12-Sep-2018 12:52:52,-2.28091413853327
12-Sep-2018 12:52:52,-0.386402502557952
12-Sep-2018 12:52:52,-0.425531882673384
12-Sep-2018 12:52:52,1.75833714456557
12-Sep-2018 12:52:52,-0.54583198013377
12-Sep-2018 12:52:52,-0.991694429102438
12-Sep-2018 12:52:52,-0.256281796227985
12-Sep-2018 12:52:53,-0.25397280888318
12-Sep-2018 12:52:53,-0.437384354367645
12-Sep-2018 12:52:53,-1.12362731296475
12-Sep-2018 12:52:53,-1.74522238502151
12-Sep-2018 12:52:53,-0.213675437310586
12-Sep-2018 12:52:53,-1.88055604953565
12-Sep-2018 12:52:53,-1.57734602528507
12-Sep-2018 12:52:53,0.778615848326185
12-Sep-2018 12:52:53,-0.978904710043313
12-Sep-2018 12:52:53,-0.707687475422334
12-Sep-2018 12:52:54,0.32512993794713
12-Sep-2018 12:52:54,-0.882092074377741
12-Sep-2018 12:52:54,0.44013428244497
12-Sep-2018 12:52:54,-0.941509089939373
12-Sep-2018 12:52:54,0.409186082730452
12-Sep-2018 12:52:54,0.0185855172509188
12-Sep-2018 12:52:54,-0.830857709927427
12-Sep-2018 12:52:54,-1.49059342112767
12-Sep-2018 12:52:54,-1.67501747984106
12-Sep-2018 12:52:54,-0.908950293504535
12-Sep-2018 12:52:55,-1.08395403378686
12-Sep-2018 12:52:55,-1.06137674565733
12-Sep-2018 12:52:55,0.323994833916771
12-Sep-2018 12:52:55,-0.964053397928258
12-Sep-2018 12:52:55,0.47055925550507
12-Sep-2018 12:52:55,-1.21146039143155
12-Sep-2018 12:52:55,0.286047947422966
12-Sep-2018 12:52:55,-1.21540233304657
12-Sep-2018 12:52:55,-0.523164356616197
12-Sep-2018 12:52:55,0.264449456276077
12-Sep-2018 12:52:56,-1.12676245032428
12-Sep-2018 12:52:56,-1.15751777509043
12-Sep-2018 12:52:56,1.27773131537292
12-Sep-2018 12:52:56,0.2189675225762
12-Sep-2018 12:52:56,-1.17035083309782
12-Sep-2018 12:52:56,-0.0956812855888787
12-Sep-2018 12:52:56,-1.11092707139874
12-Sep-2018 12:52:56,-0.0511479066901615
12-Sep-2018 12:52:56,0.652680881024089
12-Sep-2018 12:52:56,-2.37377192233401
12-Sep-2018 12:52:57,0.253556242303131
12-Sep-2018 12:52:57,0.67667817035051
12-Sep-2018 12:52:57,-0.739762987654662
12-Sep-2018 12:52:57,0.953126072854623
12-Sep-2018 12:52:57,-0.643590786194408
12-Sep-2018 12:52:57,-2.04189669845317
12-Sep-2018 12:52:57,-3.00402077214746
12-Sep-2018 12:52:57,-1.14963352450291
12-Sep-2018 12:52:57,-0.108333323708376
12-Sep-2018 12:52:57,-0.510068990320965
12-Sep-2018 12:52:58,-0.419416084391487
12-Sep-2018 12:52:58,-1.41561119136114
12-Sep-2018 12:52:58,-0.699972051810335
12-Sep-2018 12:52:58,-2.48803667413036
12-Sep-2018 12:52:58,-1.61480661484711
12-Sep-2018 12:52:58,-1.6788037035743
12-Sep-2018 12:52:58,-0.34552376999496
12-Sep-2018 12:52:58,-0.884602570863211
12-Sep-2018 12:52:58,-2.03110928222177
12-Sep-2018 12:52:58,-0.890189529000648
12-Sep-2018 12:52:59,-1.57550689715233
12-Sep-2018 12:52:59,-1.55737406083554
12-Sep-2018 12:52:59,-0.0314505909307725
12-Sep-2018 12:52:59,-0.787051996549172
12-Sep-2018 12:52:59,-0.506926084410168
12-Sep-2018 12:52:59,-0.026082379205164
12-Sep-2018 12:52:59,-0.734503521977361
12-Sep-2018 12:52:59,-0.368561017354973
12-Sep-2018 12:52:59,-0.241050735611086
12-Sep-2018 12:52:59,0.242049252512678
12-Sep-2018 12:53:00,-0.457187916859322
12-Sep-2018 12:53:00,0.474750604842099
12-Sep-2018 12:53:00,-0.919251438363139
12-Sep-2018 12:53:00,-0.994051223055531
12-Sep-2018 12:53:00,0.750887113956543
12-Sep-2018 12:53:00,-1.46436860886964
12-Sep-2018 12:53:00,-0.961664634073456
12-Sep-2018 12:53:00,-0.0430385905074934
12-Sep-2018 12:53:00,-0.817135951920714
12-Sep-2018 12:53:00,0.434006926939973
12-Sep-2018 12:53:01,0.0592705618143126
12-Sep-2018 12:53:01,-0.687147580540143
12-Sep-2018 12:53:01,-1.76022554223835
12-Sep-2018 12:53:01,-0.419582097416647
12-Sep-2018 12:53:01,-2.37259241807131
12-Sep-2018 12:53:01,-0.749131338282504
12-Sep-2018 12:53:01,-0.188743479530271
12-Sep-2018 12:53:01,-0.787658191414217
12-Sep-2018 12:53:01,-0.124481498676622
12-Sep-2018 12:53:01,1.03131781895859
12-Sep-2018 12:53:02,-0.0869665831902788
12-Sep-2018 12:53:02,-0.74726285089687
12-Sep-2018 12:53:02,-0.37574056209276
12-Sep-2018 12:53:02,-0.595078831453309
12-Sep-2018 12:53:02,-2.3383900017286
12-Sep-2018 12:53:02,-1.44312006969069
12-Sep-2018 12:53:02,0.194996731532757
12-Sep-2018 12:53:02,-1.07619728744271
12-Sep-2018 12:53:02,-0.45305139529782
12-Sep-2018 12:53:02,-2.04477580020277
12-Sep-2018 12:53:03,-0.976499360847177
12-Sep-2018 12:53:03,-0.443403722006598
12-Sep-2018 12:53:03,-2.407829253252
12-Sep-2018 12:53:03,-0.701279224471169
12-Sep-2018 12:53:03,-1.23321143846328
12-Sep-2018 12:53:03,-1.99333803272575
12-Sep-2018 12:53:03,-1.09371006627453
12-Sep-2018 12:53:03,-2.95479342933325
12-Sep-2018 12:53:03,-3.18871609644287
12-Sep-2018 12:53:03,-2.23985127554972
12-Sep-2018 12:53:04,-2.0555868986769
12-Sep-2018 12:53:04,-2.24015175139197
12-Sep-2018 12:53:04,-2.79454987098685
12-Sep-2018 12:53:04,-0.78283446239868
12-Sep-2018 12:53:04,-2.66712446112529
12-Sep-2018 12:53:04,-0.964537706588293
12-Sep-2018 12:53:04,-0.289443231590705
12-Sep-2018 12:53:04,-1.08042749766945
12-Sep-2018 12:53:04,-0.986720123124629
12-Sep-2018 12:53:04,-1.4595514002418
12-Sep-2018 12:53:05,-2.56557312711321
12-Sep-2018 12:53:05,-1.12815541211756
12-Sep-2018 12:53:05,-0.124888493534676
12-Sep-2018 12:53:05,0.651217348653333
12-Sep-2018 12:53:05,-1.51848464103522
12-Sep-2018 12:53:05,-2.71678882434425
12-Sep-2018 12:53:05,-0.924243101099443
12-Sep-2018 12:53:05,-0.71538595011297
12-Sep-2018 12:53:05,-1.31960030159137
12-Sep-2018 12:53:05,-2.24249676324201
12-Sep-2018 12:53:06,0.929876874562951
12-Sep-2018 12:53:06,-3.45478705922558
12-Sep-2018 12:53:06,-1.6059799496985
12-Sep-2018 12:53:06,-2.41831434621215
12-Sep-2018 12:53:06,-1.733434319076
12-Sep-2018 12:53:06,-0.780008396632347
12-Sep-2018 12:53:06,-0.960301992647312
12-Sep-2018 12:53:06,-1.80951157442425
12-Sep-2018 12:53:06,-0.322135865620801
12-Sep-2018 12:53:06,-0.477044703325854
12-Sep-2018 12:53:07,-0.452293305906345
12-Sep-2018 12:53:07,-1.52547775123198
12-Sep-2018 12:53:07,-0.0513734959870943
12-Sep-2018 12:53:07,-0.439291659609796
12-Sep-2018 12:53:07,1.40879293743315
12-Sep-2018 12:53:07,-0.0364369877487793
12-Sep-2018 12:53:07,0.0571716301743753
12-Sep-2018 12:53:07,-1.04656090469955
12-Sep-2018 12:53:07,-2.38765176665074
12-Sep-2018 12:53:07,-1.4701493791309
12-Sep-2018 12:53:08,-1.85631876883636
12-Sep-2018 12:53:08,-1.66203086251328
12-Sep-2018 12:53:08,-0.542394873856718
12-Sep-2018 12:53:08,-1.65371940730299
12-Sep-2018 12:53:08,-1.9913988384628
12-Sep-2018 12:53:08,-1.50489426650209
12-Sep-2018 12:53:08,-1.25567067099264
12-Sep-2018 12:53:08,-0.684603389032673
12-Sep-2018 12:53:08,-2.04566432914778
12-Sep-2018 12:53:08,-0.774738014113305
12-Sep-2018 12:53:09,-1.01299924940964
12-Sep-2018 12:53:09,0.234465534511586
12-Sep-2018 12:53:09,-1.30192777951342
12-Sep-2018 12:53:09,-1.22201016724095
12-Sep-2018 12:53:09,-2.25759848141251
12-Sep-2018 12:53:09,-2.47015346186099
12-Sep-2018 12:53:09,-0.772967615847722
12-Sep-2018 12:53:09,-1.33148726464064
12-Sep-2018 12:53:09,-0.576713592492552
12-Sep-2018 12:53:09,-1.97151575760153
12-Sep-2018 12:53:10,0.83132393394659
12-Sep-2018 12:53:10,-0.953229156218003
12-Sep-2018 12:53:10,-0.0266355528584323
12-Sep-2018 12:53:10,-1.29873557259645
12-Sep-2018 12:53:10,-1.23240154963834
12-Sep-2018 12:53:10,-0.377869720222649
12-Sep-2018 12:53:10,-0.510124728753369
12-Sep-2018 12:53:10,-2.18403435579868
12-Sep-2018 12:53:10,-2.59430829744907
12-Sep-2018 12:53:10,-2.15725716337305
12-Sep-2018 12:53:11,-2.47287511588484
12-Sep-2018 12:53:11,-0.995182008498964
12-Sep-2018 12:53:11,-1.46359284271914
12-Sep-2018 12:53:11,-1.41788060584642
12-Sep-2018 12:53:11,-2.40829971444401
12-Sep-2018 12:53:11,-0.265174749317105
12-Sep-2018 12:53:11,-0.602675667382449
12-Sep-2018 12:53:11,-1.12899300155781
12-Sep-2018 12:53:11,-0.0154134097754545
12-Sep-2018 12:53:11,-1.90773540995614
12-Sep-2018 12:53:12,-0.616157615222764
12-Sep-2018 12:53:12,-0.679458359870031
12-Sep-2018 12:53:12,-0.675626627877771
12-Sep-2018 12:53:12,-1.75104977796405
12-Sep-2018 12:53:12,-0.691823859286082
12-Sep-2018 12:53:12,-1.53034762439261
12-Sep-2018 12:53:12,-1.9086544677953
12-Sep-2018 12:53:12,-2.2121594315695
12-Sep-2018 12:53:12,0.0323007018982256
12-Sep-2018 12:53:12,NaN
12-Sep-2018 12:53:13,NaN
12-Sep-2018 12:53:13,NaN
12-Sep-2018 12:53:13,NaN
12-Sep-2018 12:53:13,NaN
12-Sep-2018 12:53:13,NaN
12-Sep-2018 12:53:13,NaN
12-Sep-2018 12:53:13,NaN
12-Sep-2018 12:53:13,NaN
12-Sep-2018 12:53:13,NaN
12-Sep-2018 12:53:13,NaN
12-Sep-2018 12:53:14,NaN
12-Sep-2018 12:53:14,NaN
12-Sep-2018 12:53:14,NaN
12-Sep-2018 12:53:14,NaN
12-Sep-2018 12:53:14,NaN
12-Sep-2018 12:53:14,NaN
12-Sep-2018 12:53:14,NaN
12-Sep-2018 12:53:14,NaN
12-Sep-2018 12:53:14,NaN
12-Sep-2018 12:53:14,-2.55179031703642
12-Sep-2018 12:53:15,0.543398343688076
12-Sep-2018 12:53:15,1.13811518822171
12-Sep-2018 12:53:15,-0.786685164051135
12-Sep-2018 12:53:15,-1.89229133512519
12-Sep-2018 12:53:15,0.300231793133646
12-Sep-2018 12:53:15,-1.48529207040294
12-Sep-2018 12:53:15,-1.35748784757245
12-Sep-2018 12:53:15,0.00370955663849643
12-Sep-2018 12:53:15,-2.26282390712466
12-Sep-2018 12:53:15,-2.82924154343978
12-Sep-2018 12:53:16,-0.446634820523371
12-Sep-2018 12:53:16,-0.461359155700453
12-Sep-2018 12:53:16,-0.761681586558008
12-Sep-2018 12:53:16,-0.354814159208385
12-Sep-2018 12:53:16,0.236118762111646
12-Sep-2018 12:53:16,0.129753930861946
12-Sep-2018 12:53:16,-1.40378445753502
12-Sep-2018 12:53:16,-0.0197131181573156
12-Sep-2018 12:53:16,-0.65085766960585
12-Sep-2018 12:53:16,-1.32401727897328
12-Sep-2018 12:53:17,-2.00610026531103
12-Sep-2018 12:53:17,-0.160093672775996
12-Sep-2018 12:53:17,-1.15490800222833
12-Sep-2018 12:53:17,-0.749022604728616
12-Sep-2018 12:53:17,-1.58252758490543
12-Sep-2018 12:53:17,-2.3341690195443
12-Sep-2018 12:53:17,-0.606094452681359
12-Sep-2018 12:53:17,-0.83379828977562
12-Sep-2018 12:53:17,0.433437966404108
12-Sep-2018 12:53:17,0.0422307272352531
12-Sep-2018 12:53:18,0.299994817855194
12-Sep-2018 12:53:18,-1.49597622005228
12-Sep-2018 12:53:18,-1.6771692631555
12-Sep-2018 12:53:18,-2.00362673633103
12-Sep-2018 12:53:18,-0.230210745567652
12-Sep-2018 12:53:18,2.06728383506904
12-Sep-2018 12:53:18,0.0122139882632448
12-Sep-2018 12:53:18,-1.48193805452107
12-Sep-2018 12:53:18,0.134288433032772
12-Sep-2018 12:53:18,-1.82410278586132
12-Sep-2018 12:53:19,-2.11362582885635
12-Sep-2018 12:53:19,0.0349468848583632
12-Sep-2018 12:53:19,-1.45369740194389
12-Sep-2018 12:53:19,-0.353059538532402
12-Sep-2018 12:53:19,0.744278764404928
12-Sep-2018 12:53:19,-0.254300441981069
12-Sep-2018 12:53:19,0.281108418323305
12-Sep-2018 12:53:19,-2.24743928022886
12-Sep-2018 12:53:19,0.0268551990518452
12-Sep-2018 12:53:19,1.5108181384977
12-Sep-2018 12:53:20,-0.0795072158168856
12-Sep-2018 12:53:20,-2.15444611347447
12-Sep-2018 12:53:20,-0.809594164106121
12-Sep-2018 12:53:20,-1.09925951277559
12-Sep-2018 12:53:20,-0.20907413466705
12-Sep-2018 12:53:20,-0.172827613141919
12-Sep-2018 12:53:20,-0.172096926413487
12-Sep-2018 12:53:20,-0.934058611758411
12-Sep-2018 12:53:20,-1.16220054140575
12-Sep-2018 12:53:20,-1.14513074992432
12-Sep-2018 12:53:21,0.3054228398107
12-Sep-2018 12:53:21,-2.39366564378884
12-Sep-2018 12:53:21,-0.740464018059472
12-Sep-2018 12:53:21,-0.255250017029169
12-Sep-2018 12:53:21,-1.17083103744767
12-Sep-2018 12:53:21,-0.0332293612531523
12-Sep-2018 12:53:21,-0.574138104926849
12-Sep-2018 12:53:21,-1.43344711384311
12-Sep-2018 12:53:21,-0.326075599592192
12-Sep-2018 12:53:21,-0.747881640444716
12-Sep-2018 12:53:22,-0.8817977254734
12-Sep-2018 12:53:22,-1.17544118323376
12-Sep-2018 12:53:22,-0.394833842442199
12-Sep-2018 12:53:22,-2.2945372578879
12-Sep-2018 12:53:22,-0.838838065167121
12-Sep-2018 12:53:22,-0.976118606586872
12-Sep-2018 12:53:22,-1.33650353272144
12-Sep-2018 12:53:22,0.236089624625579
12-Sep-2018 12:53:22,-1.14285394918147
12-Sep-2018 12:53:22,0.140106495433058
12-Sep-2018 12:53:23,0.583399812092582
12-Sep-2018 12:53:23,-0.541196935830141
12-Sep-2018 12:53:23,-0.0983840161109374
12-Sep-2018 12:53:23,0.271505381413607
12-Sep-2018 12:53:23,-0.440790688150315
12-Sep-2018 12:53:23,0.189284149990762
12-Sep-2018 12:53:23,-1.60589713148127
12-Sep-2018 12:53:23,0.77537188391006
12-Sep-2018 12:53:23,-1.31630808829643
12-Sep-2018 12:53:23,-2.14724898548021
12-Sep-2018 12:53:24,1.07444322016537
12-Sep-2018 12:53:24,-0.364399332535449
12-Sep-2018 12:53:24,0.155655916073683
12-Sep-2018 12:53:24,-0.648092171968152
12-Sep-2018 12:53:24,-1.29696183143223
12-Sep-2018 12:53:24,-3.34088837394084
12-Sep-2018 12:53:24,0.366880693691083
12-Sep-2018 12:53:24,-0.537558796148587
12-Sep-2018 12:53:24,-0.439671035968918
12-Sep-2018 12:53:24,0.171845051331741
12-Sep-2018 12:53:25,-1.64451971986545
12-Sep-2018 12:53:25,-0.946006602028661
12-Sep-2018 12:53:25,0.939396784247524
12-Sep-2018 12:53:25,0.398583870792345
12-Sep-2018 12:53:25,-1.47189216125575
12-Sep-2018 12:53:25,-2.38518614455115
12-Sep-2018 12:53:25,-0.74446050829358
12-Sep-2018 12:53:25,0.0495082915133042
12-Sep-2018 12:53:25,0.786632607246808
12-Sep-2018 12:53:25,-0.0532575428402816
12-Sep-2018 12:53:26,-1.26051646038765
12-Sep-2018 12:53:26,0.176747946320741
12-Sep-2018 12:53:26,-1.29293373217081
12-Sep-2018 12:53:26,-1.07273871124501
12-Sep-2018 12:53:26,-0.756665170382338
12-Sep-2018 12:53:26,-1.3234669658235
12-Sep-2018 12:53:26,-0.356167200053995
12-Sep-2018 12:53:26,-0.976266915855469
12-Sep-2018 12:53:26,-0.353104225066173
12-Sep-2018 12:53:26,-0.520927767336988
12-Sep-2018 12:53:27,-0.459366906489106
12-Sep-2018 12:53:27,-0.544183915193555
12-Sep-2018 12:53:27,1.20160073382319
12-Sep-2018 12:53:27,0.587568744069938
12-Sep-2018 12:53:27,0.0453065009082156
12-Sep-2018 12:53:27,-1.47173109073883
12-Sep-2018 12:53:27,-1.62159629848028
12-Sep-2018 12:53:27,-1.95154452542901
12-Sep-2018 12:53:27,2.62741371565775
12-Sep-2018 12:53:27,1.00361156209352
12-Sep-2018 12:53:28,0.297244776065745
12-Sep-2018 12:53:28,-0.92494177047239
12-Sep-2018 12:53:28,-1.08802343016569
12-Sep-2018 12:53:28,0.615029668314179
12-Sep-2018 12:53:28,1.64152985488357
12-Sep-2018 12:53:28,-1.60783603142458
12-Sep-2018 12:53:28,-0.354822359765699
12-Sep-2018 12:53:28,0.0193554633433487
12-Sep-2018 12:53:28,-1.87927238425283
12-Sep-2018 12:53:28,0.963051993424356
12-Sep-2018 12:53:29,-0.283767225188048
12-Sep-2018 12:53:29,2.05216128212021
12-Sep-2018 12:53:29,-0.24182659604226
12-Sep-2018 12:53:29,0.567348406629165
12-Sep-2018 12:53:29,-0.975165606307586
12-Sep-2018 12:53:29,-0.448503371962902
12-Sep-2018 12:53:29,-0.983263446045266
12-Sep-2018 12:53:29,0.587134397848581
12-Sep-2018 12:53:29,1.50549860018462
12-Sep-2018 12:53:29,-0.380882866016393
12-Sep-2018 12:53:30,0.658233462191788
12-Sep-2018 12:53:30,-0.273406306131588
12-Sep-2018 12:53:30,0.342160474615855
12-Sep-2018 12:53:30,1.44539792647573
12-Sep-2018 12:53:30,0.378522418143873
12-Sep-2018 12:53:30,-0.769514432894506
12-Sep-2018 12:53:30,-0.580688211411236
12-Sep-2018 12:53:30,0.115623042405641
12-Sep-2018 12:53:30,0.10290719602372
12-Sep-2018 12:53:30,-0.56216623622899
12-Sep-2018 12:53:31,0.493381521759189
12-Sep-2018 12:53:31,1.58830875727824
12-Sep-2018 12:53:31,0.0796679205903647
12-Sep-2018 12:53:31,0.135317672691741
12-Sep-2018 12:53:31,-1.85259052182571
12-Sep-2018 12:53:31,-0.416545357302537
12-Sep-2018 12:53:31,-1.02627621373731
12-Sep-2018 12:53:31,-0.0102178405948956
12-Sep-2018 12:53:31,0.910614975789025
12-Sep-2018 12:53:31,1.91730064997853
12-Sep-2018 12:53:32,2.20151906791443
12-Sep-2018 12:53:32,0.295123642289067
12-Sep-2018 12:53:32,0.10078462728077
12-Sep-2018 12:53:32,1.24745917429548
12-Sep-2018 12:53:32,0.929052889618458
12-Sep-2018 12:53:32,1.21308396480278
12-Sep-2018 12:53:32,1.23503881033329
12-Sep-2018 12:53:32,-1.01463102933895
12-Sep-2018 12:53:32,1.01493946476725
12-Sep-2018 12:53:32,0.391924390222232
12-Sep-2018 12:53:33,-0.267914947585573
12-Sep-2018 12:53:33,-0.192398320963538
12-Sep-2018 12:53:33,1.79149980905157
12-Sep-2018 12:53:33,-0.290865812168024
12-Sep-2018 12:53:33,-0.709132436669933
12-Sep-2018 12:53:33,0.751170425295553
12-Sep-2018 12:53:33,2.55603731806069
12-Sep-2018 12:53:33,0.579584639359796
12-Sep-2018 12:53:33,0.871076950205499
12-Sep-2018 12:53:33,-0.366740164683583
12-Sep-2018 12:53:34,2.25443432593796
12-Sep-2018 12:53:34,0.713899245594232
12-Sep-2018 12:53:34,1.12768596932558
12-Sep-2018 12:53:34,-0.345829351172302
12-Sep-2018 12:53:34,1.46891594428051
12-Sep-2018 12:53:34,1.01263278570847
12-Sep-2018 12:53:34,-0.523920859411104
12-Sep-2018 12:53:34,0.680392355035149
12-Sep-2018 12:53:34,0.198604034972605
12-Sep-2018 12:53:34,0.766978980140732
12-Sep-2018 12:53:35,0.415684167094487
12-Sep-2018 12:53:35,0.484818480437356
12-Sep-2018 12:53:35,-0.349733514861047
12-Sep-2018 12:53:35,0.36832426665085
12-Sep-2018 12:53:35,1.4665551417113
12-Sep-2018 12:53:35,2.45308906552447
12-Sep-2018 12:53:35,-0.443741354341492
12-Sep-2018 12:53:35,3.10252778813873
12-Sep-2018 12:53:35,2.25950553161211
12-Sep-2018 12:53:35,0.910220564828813
12-Sep-2018 12:53:36,0.448765486962198
12-Sep-2018 12:53:36,0.0595497487364717
12-Sep-2018 12:53:36,1.59917924649022
12-Sep-2018 12:53:36,0.0799803138483735
12-Sep-2018 12:53:36,0.320851317718164
12-Sep-2018 12:53:36,1.67447163648959
12-Sep-2018 12:53:36,1.23488991909669
12-Sep-2018 12:53:36,1.70375498893036
12-Sep-2018 12:53:36,1.31977179951151
12-Sep-2018 12:53:36,0.422144644915749
12-Sep-2018 12:53:37,0.317165248274765
12-Sep-2018 12:53:37,1.63532141702677
12-Sep-2018 12:53:37,0.175672908595071
12-Sep-2018 12:53:37,2.04139967111714
12-Sep-2018 12:53:37,1.65328807244294
12-Sep-2018 12:53:37,1.15812060331521
12-Sep-2018 12:53:37,0.88140538068462
12-Sep-2018 12:53:37,1.2515433804261
12-Sep-2018 12:53:37,4.42031732787747
12-Sep-2018 12:53:37,0.788882175414851
12-Sep-2018 12:53:38,-0.647630133105883
12-Sep-2018 12:53:38,2.83167632211025
12-Sep-2018 12:53:38,1.53399519272893
12-Sep-2018 12:53:38,0.283777146073179
12-Sep-2018 12:53:38,3.55652745828646
12-Sep-2018 12:53:38,1.4976105237652
12-Sep-2018 12:53:38,1.24829475805487
12-Sep-2018 12:53:38,0.183641295631457
12-Sep-2018 12:53:38,-0.0960882945457689
12-Sep-2018 12:53:38,-0.792253196201801
12-Sep-2018 12:53:39,0.560522303050135
12-Sep-2018 12:53:39,-0.0624179758956571
12-Sep-2018 12:53:39,1.6456435692322
12-Sep-2018 12:53:39,0.687424910344656
12-Sep-2018 12:53:39,2.78116999520168
12-Sep-2018 12:53:39,2.52984635178443
12-Sep-2018 12:53:39,1.19031966030572
12-Sep-2018 12:53:39,0.750550526707186
12-Sep-2018 12:53:39,2.19244411474381
12-Sep-2018 12:53:39,-0.0993064332071604
12-Sep-2018 12:53:40,1.7277812748762
